Date,AVERAGE
2013-08-09,
2013-08-10,
2013-08-11,
2013-08-12,
2013-08-13,
2013-08-14,
2013-08-15,
2013-08-16,
2013-08-17,
2013-08-18,
2013-08-19,
2013-08-20,
2013-08-21,
2013-08-22,
2013-08-23,
2013-08-24,
2013-08-25,
2013-08-26,
2013-08-27,
2013-08-28,
2013-08-29,
2013-08-30,
2013-08-31,
2013-09-01,-0.355691892
2013-09-02,-0.351602925
2013-09-03,-0.342947729
2013-09-04,-0.329173066
2013-09-05,-0.310169307
2013-09-06,-0.286327209
2013-09-07,-0.258518807
2013-09-08,-0.228003592
2013-09-09,-0.196277007
2013-09-10,-0.164881899
2013-09-11,-0.135215241
2013-09-12,-0.108357885
2013-09-13,-0.084954929
2013-09-14,-0.065164748
2013-09-15,-0.048683361
2013-09-16,-0.034840671
2013-09-17,-0.022751606
2013-09-18,-0.011497708
2013-09-19,-0.000309784
2013-09-20,0.011277288
2013-09-21,0.02332484
2013-09-22,0.035460327
2013-09-23,0.046922861
2013-09-24,0.056678638
2013-09-25,0.063586994
2013-09-26,0.06659145
2013-09-27,
2013-09-28,
2013-09-29,
2013-09-30,
2013-10-01,
2013-10-02,
2013-10-03,
2013-10-04,
2013-10-05,
2013-10-06,
2013-10-07,
2013-10-08,
2013-10-09,
2013-10-10,
2013-10-11,
2013-10-12,
2013-10-13,
2013-10-14,
2013-10-15,
2013-10-16,
2013-10-17,
2013-10-18,
2013-10-19,
2013-10-20,
2013-10-21,
2013-10-22,
2013-10-23,
2013-10-24,
2013-10-25,
2013-10-26,
2013-10-27,
2013-10-28,
2013-10-29,
2013-10-30,
2013-10-31,
2013-11-01,
2013-11-02,
2013-11-03,
2013-11-04,
2013-11-05,
2013-11-06,
2013-11-07,
2013-11-08,
2013-11-09,
2013-11-10,-0.465138573
2013-11-11,-0.46188138
2013-11-12,-0.456385085
2013-11-13,-0.449451643
2013-11-14,-0.441663305
2013-11-15,-0.433255578
2013-11-16,-0.42405143
2013-11-17,-0.413469147
2013-11-18,-0.400602944
2013-11-19,-0.384363671
2013-11-20,-0.363658244
2013-11-21,-0.337579186
2013-11-22,-0.305573527
2013-11-23,-0.26756467
2013-11-24,-0.224005775
2013-11-25,-0.175857081
2013-11-26,-0.124487172
2013-11-27,-0.071514958
2013-11-28,-0.018613717
2013-11-29,0.032691022
2013-11-30,0.081199761
2013-12-01,0.126166789
2013-12-02,0.167355616
2013-12-03,0.205015675
2013-12-04,0.239783051
2013-12-05,0.272521121
2013-12-06,0.3041254
2013-12-07,0.335325174
2013-12-08,0.366511825
2013-12-09,0.397622771
2013-12-10,0.428099598
2013-12-11,0.456928679
2013-12-12,0.482759553
2013-12-13,0.504084012
2013-12-14,0.519449196
2013-12-15,0.527674088
2013-12-16,0.528034669
2013-12-17,
2013-12-18,
2013-12-19,
2013-12-20,
2013-12-21,
2013-12-22,
2013-12-23,
2013-12-24,
2013-12-25,
2013-12-26,
2013-12-27,
2013-12-28,
2013-12-29,
2013-12-30,
2013-12-31,
2014-01-01,
2014-01-02,
2014-01-03,
2014-01-04,
2014-01-05,
2014-01-06,
2014-01-07,
2014-01-08,
2014-01-09,
2014-01-10,0.099586898
2014-01-11,0.106559175
2014-01-12,0.117550337
2014-01-13,0.131439004
2014-01-14,0.146907122
2014-01-15,0.16263003
2014-01-16,0.177464385
2014-01-17,0.190604126
2014-01-18,0.201680813
2014-01-19,0.210792026
2014-01-20,0.218454218
2014-01-21,0.363918294
2014-01-22,0.372331575
2014-01-23,0.377215952
2014-01-24,0.379132972
2014-01-25,
2014-01-26,
2014-01-27,
2014-01-28,
2014-01-29,
2014-01-30,
2014-01-31,
2014-02-01,
2014-02-02,0.365847312
2014-02-03,0.368764142
2014-02-04,0.373307906
2014-02-05,0.379495031
2014-02-06,0.38724925
2014-02-07,0.396373226
2014-02-08,0.40652328
2014-02-09,0.417195888
2014-02-10,0.427733173
2014-02-11,0.437350573
2014-02-12,0.445188341
2014-02-13,0.450383346
2014-02-14,0.452151989
2014-02-15,
2014-02-16,
2014-02-17,
2014-02-18,
2014-02-19,
2014-02-20,
2014-02-21,
2014-02-22,
2014-02-23,
2014-02-24,
2014-02-25,
2014-02-26,
2014-02-27,
2014-02-28,
2014-03-01,
2014-03-02,
2014-03-03,
2014-03-04,
2014-03-05,
2014-03-06,
2014-03-07,
2014-03-08,
2014-03-09,
2014-03-10,
2014-03-11,
2014-03-12,
2014-03-13,
2014-03-14,
2014-03-15,
2014-03-16,
2014-03-17,
2014-03-18,
2014-03-19,
2014-03-20,
2014-03-21,
2014-03-22,
2014-03-23,
2014-03-24,
2014-03-25,
2014-03-26,
2014-03-27,
2014-03-28,
2014-03-29,
2014-03-30,
2014-03-31,
2014-04-01,
2014-04-02,
2014-04-03,
2014-04-04,
2014-04-05,
2014-04-06,
2014-04-07,
2014-04-08,
2014-04-09,
2014-04-10,
2014-04-11,
2014-04-12,
2014-04-13,-0.203855564
2014-04-14,-0.195086234
2014-04-15,-0.179995197
2014-04-16,-0.15927159
2014-04-17,-0.13411963
2014-04-18,-0.106137967
2014-04-19,-0.077152546
2014-04-20,-0.049025482
2014-04-21,-0.023462358
2014-04-22,-0.001843682
2014-04-23,0.014899619
2014-04-24,0.026352164
2014-04-25,0.032614627
2014-04-26,0.034241645
2014-04-27,
2014-04-28,
2014-04-29,
2014-04-30,
2014-05-01,
2014-05-02,
2014-05-03,
2014-05-04,
2014-05-05,
2014-05-06,
2014-05-07,
2014-05-08,
2014-05-09,
2014-05-10,
2014-05-11,
2014-05-12,
2014-05-13,
2014-05-14,
2014-05-15,
2014-05-16,
2014-05-17,
2014-05-18,
2014-05-19,
2014-05-20,
2014-05-21,
2014-05-22,
2014-05-23,
2014-05-24,
2014-05-25,
2014-05-26,
2014-05-27,-0.211486083
2014-05-28,-0.208838885
2014-05-29,-0.203353172
2014-05-30,-0.194550433
2014-05-31,-0.182155482
2014-06-01,-0.166182962
2014-06-02,-0.146993485
2014-06-03,-0.125308698
2014-06-04,-0.102182345
2014-06-05,-0.078928931
2014-06-06,-0.05701911
2014-06-07,-0.037954217
2014-06-08,-0.023134662
2014-06-09,-0.013739796
2014-06-10,-0.010631297
2014-06-11,
2014-06-12,
2014-06-13,
2014-06-14,
2014-06-15,
2014-06-16,
2014-06-17,
2014-06-18,
2014-06-19,
2014-06-20,
2014-06-21,
2014-06-22,
2014-06-23,
2014-06-24,
2014-06-25,
2014-06-26,
2014-06-27,
2014-06-28,
2014-06-29,
2014-06-30,
2014-07-01,-0.477904875
2014-07-02,-0.471742169
2014-07-03,-0.462349268
2014-07-04,-0.45056287
2014-07-05,-0.437324058
2014-07-06,-0.42360054
2014-07-07,-0.410299285
2014-07-08,-0.398181493
2014-07-09,-0.387790387
2014-07-10,-0.379403922
2014-07-11,-0.373019843
2014-07-12,-0.368376091
2014-07-13,-0.365005159
2014-07-14,-0.362316405
2014-07-15,-0.359693265
2014-07-16,-0.356594194
2014-07-17,-0.352640581
2014-07-18,-0.347680408
2014-07-19,-0.341816955
2014-07-20,-0.335398871
2014-07-21,-0.328972311
2014-07-22,-0.323201827
2014-07-23,-0.318772261
2014-07-24,-0.316285468
2014-07-25,-0.316167335
2014-07-26,
2014-07-27,
2014-07-28,
2014-07-29,
2014-07-30,
2014-07-31,
2014-08-01,
2014-08-02,
2014-08-03,
2014-08-04,
2014-08-05,
2014-08-06,-0.377019668
2014-08-07,-0.373195753
2014-08-08,-0.367836718
2014-08-09,-0.361180556
2014-08-10,-0.353336796
2014-08-11,-0.34424545
2014-08-12,-0.333672096
2014-08-13,-0.321243715
2014-08-14,-0.30651857
2014-08-15,-0.289082457
2014-08-16,-0.268654611
2014-08-17,-0.245185372
2014-08-18,-0.218929521
2014-08-19,-0.190479828
2014-08-20,-0.160750318
2014-08-21,-0.130910165
2014-08-22,-0.102270389
2014-08-23,-0.076138628
2014-08-24,-0.053659063
2014-08-25,-0.035659147
2014-08-26,-0.022525977
2014-08-27,-0.01412911
2014-08-28,-0.009804296
2014-08-29,-0.008402478
2014-08-30,-0.008400126
2014-08-31,-0.008059032
2014-09-01,-0.005617003
2014-09-02,0.000515543
2014-09-03,0.011575925
2014-09-04,0.028310764
2014-09-05,0.050895058
2014-09-06,0.078919219
2014-09-07,0.111444215
2014-09-08,0.147117329
2014-09-09,0.184332678
2014-09-10,0.221413969
2014-09-11,0.256797498
2014-09-12,0.289190206
2014-09-13,0.31768511
2014-09-14,0.341821035
2014-09-15,0.361582105
2014-09-16,0.377340464
2014-09-17,0.389754422
2014-09-18,0.399638869
2014-09-19,0.407828541
2014-09-20,0.415052641
2014-09-21,0.421840889
2014-09-22,0.428470441
2014-09-23,0.434959256
2014-09-24,0.441104862
2014-09-25,0.446556878
2014-09-26,0.450911276
2014-09-27,0.453808492
2014-09-28,0.455019127
2014-09-29,
2014-09-30,
2014-10-01,
2014-10-02,
2014-10-03,
2014-10-04,
2014-10-05,
2014-10-06,
2014-10-07,
2014-10-08,0.432583782
2014-10-09,0.43325189
2014-10-10,0.433795946
2014-10-11,
2014-10-12,
2014-10-13,
2014-10-14,
2014-10-15,
2014-10-16,
2014-10-17,
2014-10-18,
2014-10-19,
2014-10-20,
2014-10-21,
2014-10-22,
2014-10-23,0.37146459
2014-10-24,0.373358132
2014-10-25,0.376503849
2014-10-26,0.380074017
2014-10-27,0.383134985
2014-10-28,0.384761166
2014-10-29,
2014-10-30,
2014-10-31,
2014-11-01,
2014-11-02,
2014-11-03,
2014-11-04,
2014-11-05,
2014-11-06,
2014-11-07,
2014-11-08,
2014-11-09,
2014-11-10,
2014-11-11,
2014-11-12,
2014-11-13,
2014-11-14,0.230350653
2014-11-15,0.235242673
2014-11-16,0.242345324
2014-11-17,0.25138093
2014-11-18,0.262027916
2014-11-19,0.273902979
2014-11-20,0.286543649
2014-11-21,0.299398157
2014-11-22,0.311830084
2014-11-23,0.32314096
2014-11-24,0.332613218
2014-11-25,0.339568982
2014-11-26,0.343438362
2014-11-27,0.343828039
2014-11-28,
2014-11-29,
2014-11-30,
2014-12-01,
2014-12-02,
2014-12-03,
2014-12-04,
2014-12-05,
2014-12-06,
2014-12-07,
2014-12-08,
2014-12-09,
2014-12-10,
2014-12-11,
2014-12-12,
2014-12-13,
2014-12-14,
2014-12-15,
2014-12-16,
2014-12-17,
2014-12-18,
2014-12-19,
2014-12-20,
2014-12-21,
2014-12-22,
2014-12-23,
2014-12-24,
2014-12-25,
2014-12-26,
2014-12-27,
2014-12-28,
2014-12-29,
2014-12-30,-0.102430187
2014-12-31,-0.099106419
2015-01-01,-0.093132448
2015-01-02,-0.08434164
2015-01-03,-0.072470261
2015-01-04,-0.057236476
2015-01-05,-0.038440657
2015-01-06,-0.016071343
2015-01-07,0.009602091
2015-01-08,0.037967782
2015-01-09,0.068053735
2015-01-10,0.098561647
2015-01-11,0.127953133
2015-01-12,0.154579377
2015-01-13,0.176839987
2015-01-14,0.193350973
2015-01-15,0.203099567
2015-01-16,0.205565393
2015-01-17,
2015-01-18,
2015-01-19,
2015-01-20,
2015-01-21,
2015-01-22,
2015-01-23,
2015-01-24,
2015-01-25,
2015-01-26,
2015-01-27,
2015-01-28,
2015-01-29,
2015-01-30,
2015-01-31,
2015-02-01,
2015-02-02,
2015-02-03,
2015-02-04,
2015-02-05,
2015-02-06,
2015-02-07,
2015-02-08,
2015-02-09,
2015-02-10,
2015-02-11,
2015-02-12,
2015-02-13,
2015-02-14,
2015-02-15,
2015-02-16,
2015-02-17,
2015-02-18,
2015-02-19,
2015-02-20,
2015-02-21,
2015-02-22,
2015-02-23,
2015-02-24,
2015-02-25,
2015-02-26,
2015-02-27,
2015-02-28,
2015-03-01,
2015-03-02,
2015-03-03,
2015-03-04,
2015-03-05,
2015-03-06,
2015-03-07,
2015-03-08,
2015-03-09,
2015-03-10,
2015-03-11,
2015-03-12,-0.702629434
2015-03-13,-0.69624919
2015-03-14,-0.685573927
2015-03-15,-0.670718843
2015-03-16,-0.652144849
2015-03-17,-0.630618805
2015-03-18,-0.607137657
2015-03-19,-0.582827009
2015-03-20,-0.558827934
2015-03-21,-0.536187576
2015-03-22,-0.515764511
2015-03-23,-0.498163115
2015-03-24,-0.483698601
2015-03-25,-0.472397688
2015-03-26,-0.464028058
2015-03-27,-0.458151344
2015-03-28,-0.454187735
2015-03-29,-0.451483802
2015-03-30,-0.449371764
2015-03-31,-0.447215906
2015-04-01,-0.444440347
2015-04-02,-0.440540903
2015-04-03,-0.435082527
2015-04-04,-0.427690953
2015-04-05,-0.418043045
2015-04-06,-0.405863907
2015-04-07,-0.390934374
2015-04-08,-0.373110437
2015-04-09,-0.352352431
2015-04-10,-0.328759067
2015-04-11,-0.302598162
2015-04-12,-0.274326944
2015-04-13,-0.244592941
2015-04-14,-0.214211299
2015-04-15,-0.18411576
2015-04-16,-0.155286823
2015-04-17,-0.128663486
2015-04-18,-0.105048192
2015-04-19,-0.085019116
2015-04-20,-0.068860901
2015-04-21,-0.056526082
2015-04-22,-0.047634369
2015-04-23,-0.041512384
2015-04-24,-0.037270467
2015-04-25,-0.03390879
2015-04-26,-0.030438723
2015-04-27,-0.026004075
2015-04-28,-0.019985694
2015-04-29,-0.012074626
2015-04-30,-0.002303351
2015-05-01,0.008969587
2015-05-02,0.021120582
2015-05-03,0.03335876
2015-05-04,0.044847304
2015-05-05,0.054832392
2015-05-06,0.062760062
2015-05-07,0.068365292
2015-05-08,0.07172134
2015-05-09,0.073241188
2015-05-10,0.073632851
2015-05-11,0.073813518
2015-05-12,0.074797081
2015-05-13,0.077569525
2015-05-14,0.082972511
2015-05-15,0.091609445
2015-05-16,0.103788495
2015-05-17,0.119509232
2015-05-18,0.138493096
2015-05-19,0.160251397
2015-05-20,0.184179106
2015-05-21,0.209657409
2015-05-22,0.236149146
2015-05-23,0.263269923
2015-05-24,0.290823788
2015-05-25,0.318797388
2015-05-26,0.347312871
2015-05-27,0.376548225
2015-05-28,0.406638248
2015-05-29,0.437572205
2015-05-30,0.469108752
2015-05-31,0.500721843
2015-06-01,0.531590905
2015-06-02,0.560641032
2015-06-03,0.586629211
2015-06-04,0.608268668
2015-06-05,0.62437427
2015-06-06,0.63400987
2015-06-07,0.636615607
2015-06-08,
2015-06-09,
2015-06-10,
2015-06-11,
2015-06-12,
2015-06-13,
2015-06-14,
2015-06-15,
2015-06-16,
2015-06-17,
2015-06-18,
2015-06-19,
2015-06-20,
2015-06-21,
2015-06-22,
2015-06-23,
2015-06-24,
2015-06-25,
2015-06-26,
2015-06-27,
2015-06-28,
2015-06-29,
2015-06-30,
2015-07-01,
2015-07-02,
2015-07-03,
2015-07-04,
2015-07-05,
2015-07-06,
2015-07-07,
2015-07-08,
2015-07-09,
2015-07-10,
2015-07-11,
2015-07-12,
2015-07-13,
2015-07-14,
2015-07-15,
2015-07-16,
2015-07-17,
2015-07-18,
2015-07-19,
2015-07-20,
2015-07-21,
2015-07-22,
2015-07-23,
2015-07-24,
2015-07-25,
2015-07-26,
2015-07-27,
2015-07-28,
2015-07-29,
2015-07-30,
2015-07-31,
2015-08-01,
2015-08-02,
2015-08-03,
2015-08-04,-0.128539604
2015-08-05,-0.116731839
2015-08-06,-0.099264559
2015-08-07,-0.076792057
2015-08-08,-0.050242896
2015-08-09,-0.020725333
2015-08-10,0.010575316
2015-08-11,0.042494744
2015-08-12,0.07397177
2015-08-13,0.104106858
2015-08-14,0.132194192
2015-08-15,0.157726941
2015-08-16,0.180381623
2015-08-17,0.199989536
2015-08-18,0.216501676
2015-08-19,0.229957521
2015-08-20,0.240462947
2015-08-21,
2015-08-22,0.08388342
2015-08-23,0.084275231
2015-08-24,
2015-08-25,
2015-08-26,
2015-08-27,
2015-08-28,
2015-08-29,
2015-08-30,
2015-08-31,
2015-09-01,
2015-09-02,
2015-09-03,
2015-09-04,
2015-09-05,
2015-09-06,
2015-09-07,
2015-09-08,
2015-09-09,
2015-09-10,
2015-09-11,
2015-09-12,
2015-09-13,
2015-09-14,
2015-09-15,
2015-09-16,
2015-09-17,
2015-09-18,
2015-09-19,
2015-09-20,
2015-09-21,-0.059214254
2015-09-22,-0.055641473
2015-09-23,-0.051113027
2015-09-24,-0.046388256
2015-09-25,-0.042197542
2015-09-26,-0.03916441
2015-09-27,-0.037747851
2015-09-28,
2015-09-29,
2015-09-30,
2015-10-01,
2015-10-02,
2015-10-03,
2015-10-04,
2015-10-05,
2015-10-06,
2015-10-07,
2015-10-08,
2015-10-09,
2015-10-10,
2015-10-11,
2015-10-12,
2015-10-13,
2015-10-14,
2015-10-15,
2015-10-16,
2015-10-17,
2015-10-18,
2015-10-19,
2015-10-20,
2015-10-21,
2015-10-22,
2015-10-23,
2015-10-24,
2015-10-25,
2015-10-26,
2015-10-27,
2015-10-28,
2015-10-29,
2015-10-30,
2015-10-31,
2015-11-01,
2015-11-02,
2015-11-03,
2015-11-04,
2015-11-05,
2015-11-06,-0.460144129
2015-11-07,-0.452955507
2015-11-08,-0.442430848
2015-11-09,-0.429325976
2015-11-10,-0.414605334
2015-11-11,-0.399333527
2015-11-12,-0.384555137
2015-11-13,-0.371180262
2015-11-14,-0.359888924
2015-11-15,-0.351067569
2015-11-16,-0.344783724
2015-11-17,-0.340800719
2015-11-18,-0.338629545
2015-11-19,-0.337608519
2015-11-20,-0.336999511
2015-11-21,-0.336086442
2015-11-22,-0.334263114
2015-11-23,-0.331099542
2015-11-24,-0.326378561
2015-11-25,-0.320100877
2015-11-26,-0.312459792
2015-11-27,-0.303792035
2015-11-28,-0.29451409
2015-11-29,-0.285054821
2015-11-30,-0.275795043
2015-12-01,-0.267023048
2015-12-02,-0.25891144
2015-12-03,-0.251517694
2015-12-04,-0.244805887
2015-12-05,-0.238683901
2015-12-06,-0.233048405
2015-12-07,-0.227828029
2015-12-08,-0.223016386
2015-12-09,-0.218688469
2015-12-10,-0.214996182
2015-12-11,-0.212144056
2015-12-12,-0.210347927
2015-12-13,-0.209783087
2015-12-14,
2015-12-15,
2015-12-16,
2015-12-17,
2015-12-18,
2015-12-19,
2015-12-20,
2015-12-21,-0.227464068
2015-12-22,-0.224335229
2015-12-23,-0.217923126
2015-12-24,-0.207906706
2015-12-25,-0.194187666
2015-12-26,-0.176893562
2015-12-27,-0.156356616
2015-12-28,-0.13307124
2015-12-29,-0.10763736
2015-12-30,-0.080698293
2015-12-31,-0.052879803
2016-01-01,-0.024739602
2016-01-02,0.003267496
2016-01-03,0.030806804
2016-01-04,0.057662284
2016-01-05,0.083720677
2016-01-06,0.108944793
2016-01-07,0.133343571
2016-01-08,0.156944749
2016-01-09,0.179774006
2016-01-10,0.201845877
2016-01-11,0.223164985
2016-01-12,0.243736691
2016-01-13,0.263583422
2016-01-14,0.282760919
2016-01-15,0.301368798
2016-01-16,0.319551984
2016-01-17,0.337488839
2016-01-18,0.35536643
2016-01-19,0.37334626
2016-01-20,0.391523392
2016-01-21,0.409887507
2016-01-22,0.428292146
2016-01-23,0.446439002
2016-01-24,0.463882807
2016-01-25,0.480057485
2016-01-26,0.494324295
2016-01-27,0.506035644
2016-01-28,0.51460787
2016-01-29,0.519593489
2016-01-30,0.520742509
2016-01-31,
2016-02-01,
2016-02-02,
2016-02-03,
2016-02-04,
2016-02-05,
2016-02-06,
2016-02-07,
2016-02-08,
2016-02-09,
2016-02-10,
2016-02-11,
2016-02-12,
2016-02-13,
2016-02-14,
2016-02-15,
2016-02-16,
2016-02-17,
2016-02-18,
2016-02-19,
2016-02-20,
2016-02-21,
2016-02-22,
2016-02-23,
2016-02-24,
2016-02-25,
2016-02-26,
2016-02-27,
2016-02-28,
2016-02-29,
2016-03-01,
2016-03-02,
2016-03-03,
2016-03-04,
2016-03-05,
2016-03-06,
2016-03-07,
2016-03-08,
2016-03-09,0.135935218
2016-03-10,0.140850557
2016-03-11,0.148220767
2016-03-12,0.157488416
2016-03-13,0.167826028
2016-03-14,0.178199111
2016-03-15,0.187461634
2016-03-16,0.194471945
2016-03-17,0.198215843
2016-03-18,
2016-03-19,
2016-03-20,
2016-03-21,
2016-03-22,
2016-03-23,
2016-03-24,
2016-03-25,
2016-03-26,
2016-03-27,
2016-03-28,
2016-03-29,
2016-03-30,
2016-03-31,
2016-04-01,
2016-04-02,
2016-04-03,
2016-04-04,
2016-04-05,
2016-04-06,
2016-04-07,
2016-04-08,
2016-04-09,
2016-04-10,
2016-04-11,
2016-04-12,
2016-04-13,
2016-04-14,
2016-04-15,
2016-04-16,
2016-04-17,
2016-04-18,
2016-04-19,
2016-04-20,
2016-04-21,
2016-04-22,
2016-04-23,
2016-04-24,
2016-04-25,
2016-04-26,
2016-04-27,
2016-04-28,-0.247724675
2016-04-29,-0.244927403
2016-04-30,-0.240475433
2016-05-01,-0.234573827
2016-05-02,-0.227505141
2016-05-03,-0.219582854
2016-05-04,-0.211098574
2016-05-05,-0.20227128
2016-05-06,-0.193208303
2016-05-07,-0.183883027
2016-05-08,-0.174136143
2016-05-09,-0.163698656
2016-05-10,-0.152235714
2016-05-11,-0.13940407
2016-05-12,-0.124915698
2016-05-13,-0.108597803
2016-05-14,-0.090440744
2016-05-15,-0.070626231
2016-05-16,-0.04953229
2016-05-17,-0.027713121
2016-05-18,-0.005856933
2016-05-19,0.0152722
2016-05-20,0.0349016
2016-05-21,0.052316832
2016-05-22,0.066920094
2016-05-23,0.078273283
2016-05-24,0.086121215
2016-05-25,0.090394472
2016-05-26,0.091193455
2016-05-27,
2016-05-28,
2016-05-29,
2016-05-30,
2016-05-31,
2016-06-01,
2016-06-02,
2016-06-03,
2016-06-04,
2016-06-05,
2016-06-06,
2016-06-07,
2016-06-08,
2016-06-09,
2016-06-10,
2016-06-11,
2016-06-12,
2016-06-13,-0.070950051
2016-06-14,-0.068393619
2016-06-15,-0.064304545
2016-06-16,-0.059249131
2016-06-17,-0.053851367
2016-06-18,-0.048723993
2016-06-19,-0.044395473
2016-06-20,-0.041244523
2016-06-21,-0.039449203
2016-06-22,-0.038961133
2016-06-23,
2016-06-24,
2016-06-25,
2016-06-26,
2016-06-27,-0.041291508
2016-06-28,-0.038666655
2016-06-29,-0.033980115
2016-06-30,-0.027181676
2016-07-01,-0.01848087
2016-07-02,-0.008329259
2016-07-03,0.002628713
2016-07-04,0.013630062
2016-07-05,0.023882647
2016-07-06,0.032657581
2016-07-07,0.039371808
2016-07-08,0.043649618
2016-07-09,0.045355328
2016-07-10,
2016-07-11,
2016-07-12,
2016-07-13,
2016-07-14,
2016-07-15,
2016-07-16,
2016-07-17,
2016-07-18,
2016-07-19,
2016-07-20,
2016-07-21,
2016-07-22,
2016-07-23,
2016-07-24,
2016-07-25,
2016-07-26,
2016-07-27,
2016-07-28,
2016-07-29,-0.03953189
2016-07-30,-0.034023966
2016-07-31,-0.025474932
2016-08-01,-0.014096367
2016-08-02,-0.000399195
2016-08-03,0.014837672
2016-08-04,0.030635315
2016-08-05,0.045912587
2016-08-06,0.05960268
2016-08-07,0.070771698
2016-08-08,0.078725782
2016-08-09,0.083090399
2016-08-10,0.083853727
2016-08-11,
2016-08-12,
2016-08-13,
2016-08-14,
2016-08-15,
2016-08-16,
2016-08-17,
2016-08-18,
2016-08-19,0.045384938
2016-08-20,0.048824915
2016-08-21,0.054071213
2016-08-22,0.0604572
2016-08-23,0.067224544
2016-08-24,0.073623119
2016-08-25,0.079002709
2016-08-26,0.082882964
2016-08-27,0.084995617
2016-08-28,0.08529403
2016-08-29,
2016-08-30,
2016-08-31,
2016-09-01,
2016-09-02,
2016-09-03,
2016-09-04,
2016-09-05,
2016-09-06,
2016-09-07,
2016-09-08,
2016-09-09,
2016-09-10,
2016-09-11,
2016-09-12,
2016-09-13,
2016-09-14,
2016-09-15,
2016-09-16,
2016-09-17,
2016-09-18,0.018088964
2016-09-19,0.019680994
2016-09-20,0.02209388
2016-09-21,0.024999172
2016-09-22,0.028024409
2016-09-23,0.030812825
2016-09-24,0.033085186
2016-09-25,0.034692968
2016-09-26,0.035655434
2016-09-27,0.036174325
2016-09-28,0.036621969
2016-09-29,0.037505521
2016-09-30,0.039409976
2016-10-01,0.042927981
2016-10-02,0.048585813
2016-10-03,0.056774975
2016-10-04,0.067697772
2016-10-05,0.081335407
2016-10-06,0.097439469
2016-10-07,0.115549797
2016-10-08,0.13503337
2016-10-09,0.155139585
2016-10-10,0.175063765
2016-10-11,0.194010252
2016-10-12,0.211248332
2016-10-13,0.22615462
2016-10-14,0.238239015
2016-10-15,0.247153587
2016-10-16,0.252687645
2016-10-17,0.25475152
2016-10-18,
2016-10-19,
2016-10-20,
2016-10-21,
2016-10-22,
2016-10-23,
2016-10-24,
2016-10-25,
2016-10-26,
2016-10-27,
2016-10-28,
2016-10-29,
2016-10-30,
2016-10-31,
2016-11-01,
2016-11-02,
2016-11-03,
2016-11-04,
2016-11-05,
2016-11-06,
2016-11-07,
2016-11-08,
2016-11-09,
2016-11-10,
2016-11-11,
2016-11-12,
2016-11-13,
2016-11-14,
2016-11-15,
2016-11-16,
2016-11-17,
2016-11-18,
2016-11-19,
2016-11-20,
2016-11-21,
2016-11-22,
2016-11-23,
2016-11-24,
2016-11-25,
2016-11-26,
2016-11-27,
2016-11-28,
2016-11-29,
2016-11-30,
2016-12-01,
2016-12-02,
2016-12-03,
2016-12-04,
2016-12-05,
2016-12-06,
2016-12-07,
2016-12-08,
2016-12-09,
2016-12-10,
2016-12-11,
2016-12-12,-0.434743905
2016-12-13,-0.431913444
2016-12-14,-0.427833377
2016-12-15,-0.422471196
2016-12-16,-0.415661865
2016-12-17,-0.407156098
2016-12-18,-0.396689786
2016-12-19,-0.384062001
2016-12-20,-0.369210037
2016-12-21,-0.352267843
2016-12-22,-0.333597757
2016-12-23,-0.313788392
2016-12-24,-0.293617434
2016-12-25,-0.273982434
2016-12-26,-0.255808698
2016-12-27,-0.239945687
2016-12-28,-0.227067248
2016-12-29,-0.217588654
2016-12-30,-0.211613428
2016-12-31,-0.20891752
2017-01-01,
2017-01-02,
2017-01-03,
2017-01-04,
2017-01-05,
2017-01-06,
2017-01-07,-0.220210955
2017-01-08,-0.217487874
2017-01-09,-0.21299851
2017-01-10,-0.20721213
2017-01-11,-0.200803637
2017-01-12,-0.194560391
2017-01-13,-0.18927873
2017-01-14,-0.185663799
2017-01-15,-0.184245373
2017-01-16,
2017-01-17,
2017-01-18,
2017-01-19,
2017-01-20,
2017-01-21,
2017-01-22,
2017-01-23,
2017-01-24,
2017-01-25,
2017-01-26,
2017-01-27,
2017-01-28,
2017-01-29,
2017-01-30,
2017-01-31,
2017-02-01,
2017-02-02,-0.277269813
2017-02-03,-0.275307588
2017-02-04,-0.272205784
2017-02-05,-0.267888681
2017-02-06,-0.262353088
2017-02-07,-0.255701361
2017-02-08,-0.248158703
2017-02-09,-0.24006967
2017-02-10,-0.231873762
2017-02-11,-0.224060568
2017-02-12,-0.21711114
2017-02-13,-0.211432796
2017-02-14,-0.207297031
2017-02-15,-0.20478912
2017-02-16,-0.203777832
2017-02-17,
2017-02-18,
2017-02-19,
2017-02-20,-0.204861561
2017-02-21,-0.202736399
2017-02-22,-0.198059883
2017-02-23,-0.19017571
2017-02-24,-0.178603175
2017-02-25,-0.163069835
2017-02-26,-0.143521882
2017-02-27,-0.12011241
2017-02-28,-0.093171517
2017-03-01,-0.063164624
2017-03-02,-0.030645661
2017-03-03,0.003788204
2017-03-04,0.039533898
2017-03-05,0.076009145
2017-03-06,0.112666822
2017-03-07,0.14899865
2017-03-08,0.1845315
2017-03-09,0.218821086
2017-03-10,0.251448247
2017-03-11,0.28202087
2017-03-12,0.310185345
2017-03-13,0.335645468
2017-03-14,0.358188772
2017-03-15,0.377713716
2017-03-16,0.394253011
2017-03-17,0.407987492
2017-03-18,0.419243813
2017-03-19,0.428474563
2017-03-20,0.436218754
2017-03-21,0.443046963
2017-03-22,0.449495483
2017-03-23,0.455998622
2017-03-24,0.462828028
2017-03-25,0.470048293
2017-03-26,0.477496488
2017-03-27,0.484790872
2017-03-28,0.491368933
2017-03-29,0.496552259
2017-03-30,0.499631082
2017-03-31,0.499957531
2017-04-01,
2017-04-02,
2017-04-03,
2017-04-04,
2017-04-05,
2017-04-06,
2017-04-07,
2017-04-08,
2017-04-09,
2017-04-10,
2017-04-11,
2017-04-12,
2017-04-13,
2017-04-14,
2017-04-15,
2017-04-16,
2017-04-17,0.329299987
2017-04-18,0.330840981
2017-04-19,0.33286629
2017-04-20,0.335247385
2017-04-21,0.338044195
2017-04-22,0.341484109
2017-04-23,0.345912322
2017-04-24,0.351723703
2017-04-25,0.359286166
2017-04-26,0.368868547
2017-04-27,0.380583981
2017-04-28,0.394358689
2017-04-29,0.409929829
2017-04-30,0.426874021
2017-05-01,0.4446604
2017-05-02,0.462721392
2017-05-03,0.48052784
2017-05-04,0.497657802
2017-05-05,0.513847172
2017-05-06,0.529012729
2017-05-07,0.543244825
2017-05-08,0.556768933
2017-05-09,0.569882518
2017-05-10,0.582876094
2017-05-11,0.595950733
2017-05-12,0.60914677
2017-05-13,0.622293651
2017-05-14,0.634991349
2017-05-15,0.64662761
2017-05-16,0.656430911
2017-05-17,0.66355162
2017-05-18,0.667162715
2017-05-19,
2017-05-20,
2017-05-21,
2017-05-22,
2017-05-23,
2017-05-24,
2017-05-25,
2017-05-26,
2017-05-27,
2017-05-28,
2017-05-29,
2017-05-30,
2017-05-31,
2017-06-01,
2017-06-02,
2017-06-03,
2017-06-04,
2017-06-05,
2017-06-06,
2017-06-07,
2017-06-08,
2017-06-09,
2017-06-10,
2017-06-11,
2017-06-12,
2017-06-13,
2017-06-14,
2017-06-15,
2017-06-16,
2017-06-17,
2017-06-18,
2017-06-19,
2017-06-20,
2017-06-21,
2017-06-22,
2017-06-23,
2017-06-24,
2017-06-25,
2017-06-26,
2017-06-27,
2017-06-28,
2017-06-29,
2017-06-30,
2017-07-01,
2017-07-02,
2017-07-03,
2017-07-04,
2017-07-05,
2017-07-06,
2017-07-07,
2017-07-08,
2017-07-09,
2017-07-10,
2017-07-11,
2017-07-12,
2017-07-13,
2017-07-14,
2017-07-15,
2017-07-16,
2017-07-17,
2017-07-18,
2017-07-19,-0.431097433
2017-07-20,-0.428672856
2017-07-21,-0.425547713
2017-07-22,-0.422091789
2017-07-23,-0.418629147
2017-07-24,-0.415406178
2017-07-25,-0.41257437
2017-07-26,-0.410188806
2017-07-27,-0.408221603
2017-07-28,-0.406585542
2017-07-29,-0.405163074
2017-07-30,-0.403834202
2017-07-31,-0.402496668
2017-08-01,-0.401075765
2017-08-02,-0.399520365
2017-08-03,-0.397787317
2017-08-04,-0.39581736
2017-08-05,-0.393507799
2017-08-06,-0.390689549
2017-08-07,-0.387114134
2017-08-08,-0.38245694
2017-08-09,-0.37633872
2017-08-10,-0.368364737
2017-08-11,-0.358179216
2017-08-12,-0.345526442
2017-08-13,-0.33031151
2017-08-14,-0.312649639
2017-08-15,-0.292895946
2017-08-16,-0.271648558
2017-08-17,-0.249721475
2017-08-18,-0.228087878
2017-08-19,-0.207798832
2017-08-20,-0.189885703
2017-08-21,-0.17525868
2017-08-22,-0.164612778
2017-08-23,-0.158354674
2017-08-24,-0.156559154
2017-08-25,
2017-08-26,
2017-08-27,
2017-08-28,
2017-08-29,
2017-08-30,
2017-08-31,
2017-09-01,
2017-09-02,
2017-09-03,
2017-09-04,
2017-09-05,
2017-09-06,
2017-09-07,
2017-09-08,
2017-09-09,
2017-09-10,
2017-09-11,
2017-09-12,
2017-09-13,
2017-09-14,
2017-09-15,
2017-09-16,-0.256906509
2017-09-17,-0.256080016
2017-09-18,-0.254785484
2017-09-19,-0.253350332
2017-09-20,-0.252186407
2017-09-21,-0.251724513
2017-09-22,
2017-09-23,
2017-09-24,
2017-09-25,
2017-09-26,
2017-09-27,
2017-09-28,
2017-09-29,
2017-09-30,
2017-10-01,
2017-10-02,-0.283508029
2017-10-03,-0.279120007
2017-10-04,-0.27276355
2017-10-05,-0.265069196
2017-10-06,-0.256866637
2017-10-07,-0.249085932
2017-10-08,-0.242642022
2017-10-09,-0.238317532
2017-10-10,-0.236658004
2017-10-11,
2017-10-12,
2017-10-13,
2017-10-14,
2017-10-15,
2017-10-16,
2017-10-17,
2017-10-18,
2017-10-19,
2017-10-20,-0.279352822
2017-10-21,-0.272220495
2017-10-22,-0.261520606
2017-10-23,-0.247765237
2017-10-24,-0.231670565
2017-10-25,-0.214065912
2017-10-26,
2017-10-27,
2017-10-28,-0.312238073
2017-10-29,
2017-10-30,
2017-10-31,
2017-11-01,
2017-11-02,-0.319184912
2017-11-03,-0.317605702
2017-11-04,-0.314808011
2017-11-05,-0.310899926
2017-11-06,-0.306070456
2017-11-07,-0.300556296
2017-11-08,-0.270942639
2017-11-09,-0.264967342
2017-11-10,-0.257935697
2017-11-11,-0.251227308
2017-11-12,-0.244703076
2017-11-13,-0.238139553
2017-11-14,-0.231288692
2017-11-15,-0.223931055
2017-11-16,-0.215910368
2017-11-17,-0.207142743
2017-11-18,-0.197602873
2017-11-19,-0.187297369
2017-11-20,-0.176235942
2017-11-21,-0.16441321
2017-11-22,-0.151805561
2017-11-23,-0.138383118
2017-11-24,-0.124128711
2017-11-25,-0.109053958
2017-11-26,-0.093201599
2017-11-27,-0.076630247
2017-11-28,-0.059382052
2017-11-29,-0.041443518
2017-11-30,-0.022711163
2017-12-01,-0.002976331
2017-12-02,0.018063057
2017-12-03,0.040762439
2017-12-04,0.065469011
2017-12-05,0.092454344
2017-12-06,0.121856294
2017-12-07,0.153646105
2017-12-08,0.18762751
2017-12-09,0.22346817
2017-12-10,0.260752268
2017-12-11,0.299039922
2017-12-12,0.337917384
2017-12-13,0.377025127
2017-12-14,0.416059722
2017-12-15,0.454753033
2017-12-16,0.492839652
2017-12-17,0.530026452
2017-12-18,0.565976917
2017-12-19,0.600317188
2017-12-20,0.632663325
2017-12-21,0.662661907
2017-12-22,0.690031707
2017-12-23,0.714594117
2017-12-24,0.736282979
2017-12-25,0.75513218
2017-12-26,0.771245551
2017-12-27,0.784758912
2017-12-28,0.795805919
2017-12-29,0.804496642
2017-12-30,0.810912503
2017-12-31,0.815114827
2018-01-01,0.81715924
2018-01-02,
2018-01-03,
2018-01-04,
2018-01-05,
2018-01-06,
2018-01-07,
2018-01-08,
2018-01-09,
2018-01-10,
2018-01-11,
2018-01-12,
2018-01-13,
2018-01-14,
2018-01-15,
2018-01-16,
2018-01-17,
2018-01-18,
2018-01-19,
2018-01-20,
2018-01-21,
2018-01-22,
2018-01-23,
2018-01-24,
2018-01-25,
2018-01-26,
2018-01-27,
2018-01-28,
2018-01-29,
2018-01-30,
2018-01-31,
2018-02-01,
2018-02-02,
2018-02-03,
2018-02-04,
2018-02-05,
2018-02-06,
2018-02-07,
2018-02-08,
2018-02-09,
2018-02-10,
2018-02-11,
2018-02-12,
2018-02-13,
2018-02-14,
2018-02-15,
2018-02-16,
2018-02-17,
2018-02-18,
2018-02-19,
2018-02-20,
2018-02-21,
2018-02-22,
2018-02-23,
2018-02-24,
2018-02-25,
2018-02-26,
2018-02-27,
2018-02-28,
2018-03-01,
2018-03-02,
2018-03-03,
2018-03-04,
2018-03-05,
2018-03-06,
2018-03-07,
2018-03-08,
2018-03-09,
2018-03-10,
2018-03-11,
2018-03-12,
2018-03-13,
2018-03-14,
2018-03-15,
2018-03-16,
2018-03-17,
2018-03-18,
2018-03-19,
2018-03-20,
2018-03-21,
2018-03-22,
2018-03-23,
2018-03-24,
2018-03-25,
2018-03-26,
2018-03-27,
2018-03-28,
2018-03-29,
2018-03-30,
2018-03-31,
2018-04-01,
2018-04-02,-0.256003815
2018-04-03,-0.254336203
2018-04-04,-0.250691089
2018-04-05,-0.244966344
2018-04-06,-0.237298237
2018-04-07,-0.228002753
2018-04-08,-0.217476521
2018-04-09,-0.206091703
2018-04-10,-0.194118471
2018-04-11,-0.181698871
2018-04-12,-0.168876323
2018-04-13,-0.155665028
2018-04-14,-0.142130321
2018-04-15,-0.128445821
2018-04-16,-0.114903855
2018-04-17,-0.101869463
2018-04-18,-0.089692237
2018-04-19,-0.078603145
2018-04-20,-0.068631964
2018-04-21,-0.059574965
2018-04-22,-0.051026784
2018-04-23,-0.042470607
2018-04-24,-0.033400728
2018-04-25,-0.023443115
2018-04-26,-0.012439155
2018-04-27,-0.000470494
2018-04-28,0.012178538
2018-04-29,0.025104849
2018-04-30,0.037887675
2018-05-01,0.050174394
2018-05-02,0.061727808
2018-05-03,0.072425195
2018-05-04,0.082218383
2018-05-05,0.091077475
2018-05-06,0.09894423
2018-05-07,0.105716929
2018-05-08,0.111272515
2018-05-09,0.11551908
2018-05-10,0.118454512
2018-05-11,0.120206909
2018-05-12,0.121034376
2018-05-13,0.121277807
2018-05-14,
2018-05-15,
2018-05-16,0.121341629
2018-05-17,0.121346863
2018-05-18,
2018-05-19,
2018-05-20,
2018-05-21,
2018-05-22,
2018-05-23,
2018-05-24,
2018-05-25,
2018-05-26,
2018-05-27,
2018-05-28,
2018-05-29,
2018-05-30,
2018-05-31,
2018-06-01,
2018-06-02,
2018-06-03,
2018-06-04,
2018-06-05,
2018-06-06,
2018-06-07,
2018-06-08,
2018-06-09,
2018-06-10,
2018-06-11,
2018-06-12,
2018-06-13,
2018-06-14,
2018-06-15,
2018-06-16,
2018-06-17,
2018-06-18,
2018-06-19,
2018-06-20,
2018-06-21,
2018-06-22,
2018-06-23,
2018-06-24,
2018-06-25,
2018-06-26,
2018-06-27,
2018-06-28,
2018-06-29,
2018-06-30,
2018-07-01,
2018-07-02,
2018-07-03,
2018-07-04,
2018-07-05,
2018-07-06,
2018-07-07,
2018-07-08,
2018-07-09,
2018-07-10,
2018-07-11,
2018-07-12,
2018-07-13,
2018-07-14,
2018-07-15,-0.194012191
2018-07-16,-0.19194673
2018-07-17,-0.188255768
2018-07-18,-0.183021003
2018-07-19,-0.176476891
2018-07-20,-0.168993523
2018-07-21,-0.161027795
2018-07-22,-0.153056077
2018-07-23,-0.14550464
2018-07-24,-0.138696038
2018-07-25,-0.132823602
2018-07-26,-0.127956978
2018-07-27,-0.124071868
2018-07-28,-0.121090101
2018-07-29,-0.118915888
2018-07-30,-0.117456075
2018-07-31,-0.116621301
2018-08-01,-0.116312069
2018-08-02,
2018-08-03,
2018-08-04,
2018-08-05,
2018-08-06,-0.116951154
2018-08-07,-0.116152967
2018-08-08,-0.114730013
2018-08-09,-0.112677181
2018-08-10,-0.110042141
2018-08-11,-0.106889879
2018-08-12,-0.103265323
2018-08-13,-0.099167435
2018-08-14,-0.094545307
2018-08-15,-0.089318656
2018-08-16,-0.083417085
2018-08-17,-0.076824655
2018-08-18,-0.069614888
2018-08-19,-0.061963035
2018-08-20,-0.054129411
2018-08-21,-0.046417303
2018-08-22,-0.039116692
2018-08-23,-0.032448763
2018-08-24,-0.026526325
2018-08-25,-0.021340175
2018-08-26,-0.016771781
2018-08-27,-0.012627144
2018-08-28,-0.008680209
2018-08-29,-0.004712902
2018-08-30,-0.000543576
2018-08-31,0.003959772
2018-09-01,0.008879718
2018-09-02,0.014254583
2018-09-03,0.020083927
2018-09-04,0.026327601
2018-09-05,0.03290097
2018-09-06,0.039669649
2018-09-07,0.046450976
2018-09-08,0.053028127
2018-09-09,0.05917696
2018-09-10,0.06470135
2018-09-11,0.06946716
2018-09-12,0.073423094
2018-09-13,0.076600632
2018-09-14,0.079089838
2018-09-15,0.0809975
2018-09-16,0.082399907
2018-09-17,0.083306427
2018-09-18,0.083647152
2018-09-19,
2018-09-20,
2018-09-21,
2018-09-22,
2018-09-23,
2018-09-24,
2018-09-25,
2018-09-26,
2018-09-27,
2018-09-28,
2018-09-29,
2018-09-30,
2018-10-01,0.053840479
2018-10-02,0.0551034
2018-10-03,0.056580016
2018-10-04,0.057931562
2018-10-05,0.058862618
2018-10-06,0.059139634
2018-10-07,
2018-10-08,
2018-10-09,
2018-10-10,
2018-10-11,
2018-10-12,
2018-10-13,
2018-10-14,
2018-10-15,
2018-10-16,
2018-10-17,
2018-10-18,0.030105076
2018-10-19,0.032491075
2018-10-20,0.035903532
2018-10-21,0.039932037
2018-10-22,0.044174738
2018-10-23,0.048328799
2018-10-24,0.052249179
2018-10-25,0.055960799
2018-10-26,0.059621338
2018-10-27,0.063447435
2018-10-28,0.067627923
2018-10-29,0.072251192
2018-10-30,0.072774735
2018-10-31,0.077979475
2018-11-01,0.083983673
2018-11-02,0.090138785
2018-11-03,0.095749563
2018-11-04,0.100245541
2018-11-05,0.103294389
2018-11-06,0.104823514
2018-11-07,0.104950041
2018-11-08,
2018-11-09,
2018-11-10,
2018-11-11,
2018-11-12,
2018-11-13,
2018-11-14,
2018-11-15,
2018-11-16,
2018-11-17,
2018-11-18,
2018-11-19,
2018-11-20,
2018-11-21,
2018-11-22,
2018-11-23,
2018-11-24,
2018-11-25,
2018-11-26,
2018-11-27,
2018-11-28,
2018-11-29,
2018-11-30,-0.115808918
2018-12-01,-0.113544296
2018-12-02,-0.110676663
2018-12-03,-0.107963099
2018-12-04,-0.106009145
2018-12-05,-0.1051774
2018-12-06,
2018-12-07,
2018-12-08,
2018-12-09,
2018-12-10,
2018-12-11,
2018-12-12,
2018-12-13,
2018-12-14,
2018-12-15,
2018-12-16,
2018-12-17,
2018-12-18,
2018-12-19,
2018-12-20,
2018-12-21,
2018-12-22,
2018-12-23,-0.166365412
2018-12-24,-0.164993687
2018-12-25,-0.163034867
2018-12-26,-0.160837906
2018-12-27,-0.158701341
2018-12-28,-0.15681049
2018-12-29,-0.155184057
2018-12-30,-0.153642948
2018-12-31,-0.151810555
2019-01-01,-0.149153825
2019-01-02,-0.145065164
2019-01-03,-0.138974509
2019-01-04,-0.130471375
2019-01-05,-0.119407848
2019-01-06,-0.105957255
2019-01-07,-0.090609163
2019-01-08,-0.074099467
2019-01-09,-0.057289552
2019-01-10,-0.041023238
2019-01-11,-0.025995776
2019-01-12,-0.01266402
2019-01-13,-0.001215019
2019-01-14,0.008407521
2019-01-15,0.016434407
2019-01-16,0.02318463
2019-01-17,0.028986761
2019-01-18,0.034125443
2019-01-19,0.038819036
2019-01-20,0.043223083
2019-01-21,0.04744706
2019-01-22,0.051571655
2019-01-23,0.055659484
2019-01-24,0.059757311
2019-01-25,0.063896365
2019-01-26,0.068096565
2019-01-27,0.072378565
2019-01-28,0.076781541
2019-01-29,0.081379018
2019-01-30,0.086282463
2019-01-31,0.091625989
2019-02-01,0.097532541
2019-02-02,0.104070198
2019-02-03,0.111213989
2019-02-04,0.118827991
2019-02-05,0.126678152
2019-02-06,0.134474759
2019-02-07,0.14193299
2019-02-08,0.148833106
2019-02-09,0.155061309
2019-02-10,0.160618496
2019-02-11,0.165596706
2019-02-12,0.170134217
2019-02-13,0.17436668
2019-02-14,0.17839301
2019-02-15,0.182266404
2019-02-16,0.186009268
2019-02-17,0.189640895
2019-02-18,0.19320079
2019-02-19,0.196752966
2019-02-20,0.200365986
2019-02-21,0.204075406
2019-02-22,0.207845277
2019-02-23,0.211548792
2019-02-24,0.21498209
2019-02-25,0.217913437
2019-02-26,0.220155554
2019-02-27,0.221638101
2019-02-28,0.222454654
2019-03-01,0.22286698
2019-03-02,0.223262149
2019-03-03,0.224075477
2019-03-04,0.225702719
2019-03-05,0.228427842
2019-03-06,0.232384413
2019-03-07,0.237554727
2019-03-08,0.243796111
2019-03-09,0.250873961
2019-03-10,0.258481762
2019-03-11,0.266239476
2019-03-12,0.273675659
2019-03-13,0.280212356
2019-03-14,0.285178576
2019-03-15,0.287868222
2019-03-16,
2019-03-17,
2019-03-18,
2019-03-19,
2019-03-20,
2019-03-21,
2019-03-22,
2019-03-23,
2019-03-24,
2019-03-25,
2019-03-26,
2019-03-27,
2019-03-28,
2019-03-29,
2019-03-30,
2019-03-31,
2019-04-01,
2019-04-02,
2019-04-03,
2019-04-04,
2019-04-05,
2019-04-06,
2019-04-07,
2019-04-08,
2019-04-09,
2019-04-10,
2019-04-11,
2019-04-12,
2019-04-13,
2019-04-14,
2019-04-15,
2019-04-16,
2019-04-17,
2019-04-18,
2019-04-19,
2019-04-20,
2019-04-21,
2019-04-22,
2019-04-23,
2019-04-24,
2019-04-25,
2019-04-26,
2019-04-27,
2019-04-28,
2019-04-29,
2019-04-30,
2019-05-01,
2019-05-02,
2019-05-03,
2019-05-04,
2019-05-05,
2019-05-06,
2019-05-07,
2019-05-08,
2019-05-09,
2019-05-10,
2019-05-11,
2019-05-12,
2019-05-13,-0.120426705
2019-05-14,-0.118245158
2019-05-15,-0.114007445
2019-05-16,-0.107968906
2019-05-17,-0.100562257
2019-05-18,-0.092303862
2019-05-19,-0.083687573
2019-05-20,-0.075094365
2019-05-21,-0.066737746
2019-05-22,-0.058655607
2019-05-23,-0.050744864
2019-05-24,-0.042826143
2019-05-25,-0.034720187
2019-05-26,-0.026316905
2019-05-27,-0.017621778
2019-05-28,-0.008770158
2019-05-29,-8.34E-06
2019-05-30,0.008353439
2019-05-31,0.016004429
2019-06-01,0.022697701
2019-06-02,0.028299795
2019-06-03,0.032811461
2019-06-04,0.036354046
2019-06-05,0.039121496
2019-06-06,0.041311973
2019-06-07,0.043056614
2019-06-08,0.044367387
2019-06-09,0.045122371
2019-06-10,
2019-06-11,
2019-06-12,
2019-06-13,
2019-06-14,
2019-06-15,
2019-06-16,
2019-06-17,
2019-06-18,
2019-06-19,
2019-06-20,
2019-06-21,
2019-06-22,
2019-06-23,
2019-06-24,
2019-06-25,
2019-06-26,
2019-06-27,
2019-06-28,
2019-06-29,
2019-06-30,
2019-07-01,
2019-07-02,
2019-07-03,
2019-07-04,
2019-07-05,
2019-07-06,
2019-07-07,
2019-07-08,
2019-07-09,
2019-07-10,
2019-07-11,
2019-07-12,
2019-07-13,
2019-07-14,
2019-07-15,
2019-07-16,
2019-07-17,
2019-07-18,
2019-07-19,
2019-07-20,
2019-07-21,
2019-07-22,
2019-07-23,
2019-07-24,
2019-07-25,
2019-07-26,
2019-07-27,
2019-07-28,
2019-07-29,
2019-07-30,
2019-07-31,
2019-08-01,-0.177389061
2019-08-02,-0.175629947
2019-08-03,-0.173380611
2019-08-04,-0.170951286
2019-08-05,-0.168535946
2019-08-06,-0.166205026
2019-08-07,
2019-08-08,
2019-08-09,
2019-08-10,-0.166989043
2019-08-11,-0.165540809
2019-08-12,-0.163679246
2019-08-13,-0.161669834
2019-08-14,-0.159677408
2019-08-15,-0.157750263
2019-08-16,-0.155874105
2019-08-17,-0.154059759
2019-08-18,-0.152410864
2019-08-19,-0.15113118
2019-08-20,-0.150461169
2019-08-21,
2019-08-22,
2019-08-23,
2019-08-24,
2019-08-25,
2019-08-26,
2019-08-27,-0.155646083
2019-08-28,-0.154479632
2019-08-29,-0.152923465
2019-08-30,-0.151432075
2019-08-31,-0.150385185
2019-09-01,-0.149953146
2019-09-02,
2019-09-03,
2019-09-04,
2019-09-05,-0.150558185
2019-09-06,-0.150078149
2019-09-07,-0.149368668
2019-09-08,-0.148705658
2019-09-09,-0.148324566
2019-09-10,-0.148268924
2019-09-11,
2019-09-12,-0.147993235
2019-09-13,-0.146755235
2019-09-14,-0.144143223
2019-09-15,-0.1399753
2019-09-16,-0.134420681
2019-09-17,-0.127946699
2019-09-18,-0.121150035
2019-09-19,-0.11453362
2019-09-20,-0.108315097
2019-09-21,-0.102340677
2019-09-22,-0.096140864
2019-09-23,-0.089109346
2019-09-24,-0.08073852
2019-09-25,-0.070824673
2019-09-26,-0.059565593
2019-09-27,-0.047515399
2019-09-28,-0.03541461
2019-09-29,-0.023959205
2019-09-30,-0.013592294
2019-10-01,-0.004391555
2019-10-02,0.003913468
2019-10-03,0.011809173
2019-10-04,0.019806795
2019-10-05,0.028264664
2019-10-06,0.037286455
2019-10-07,0.046721736
2019-10-08,0.056255854
2019-10-09,0.065542869
2019-10-10,0.074323783
2019-10-11,0.082486203
2019-10-12,0.090048973
2019-10-13,0.097089345
2019-10-14,0.103651487
2019-10-15,0.109678303
2019-10-16,0.114992815
2019-10-17,0.119332976
2019-10-18,0.122417943
2019-10-19,0.12401396
2019-10-20,
2019-10-21,
2019-10-22,
2019-10-23,
2019-10-24,
2019-10-25,
2019-10-26,
2019-10-27,
2019-10-28,
2019-10-29,
2019-10-30,
2019-10-31,
2019-11-01,
2019-11-02,
2019-11-03,
2019-11-04,
2019-11-05,0.040252305
2019-11-06,0.041659309
2019-11-07,0.043815153
2019-11-08,0.046988265
2019-11-09,0.05146504
2019-11-10,0.057383674
2019-11-11,0.064615107
2019-11-12,0.072743424
2019-11-13,0.081158003
2019-11-14,0.089225667
2019-11-15,0.096477728
2019-11-16,0.102737483
2019-11-17,0.108136557
2019-11-18,0.113012199
2019-11-19,0.11772385
2019-11-20,0.122461626
2019-11-21,0.127124154
2019-11-22,0.13131528
2019-11-23,0.13446389
2019-11-24,0.136022216
2019-11-25,
2019-11-26,
2019-11-27,
2019-11-28,
2019-11-29,
2019-11-30,
2019-12-01,
2019-12-02,
2019-12-03,
2019-12-04,
2019-12-05,
2019-12-06,
2019-12-07,
2019-12-08,
2019-12-09,
2019-12-10,
2019-12-11,0.083413369
2019-12-12,0.083485982
2019-12-13,
2019-12-14,
2019-12-15,
2019-12-16,
2019-12-17,
2019-12-18,
2019-12-19,0.072344997
2019-12-20,0.074166125
2019-12-21,0.076785329
2019-12-22,0.079038626
2019-12-23,0.079595082
2019-12-24,
2019-12-25,
2019-12-26,
2019-12-27,
2019-12-28,
2019-12-29,
2019-12-30,
2019-12-31,
2020-01-01,
2020-01-02,
2020-01-03,
2020-01-04,
2020-01-05,
2020-01-06,
2020-01-07,
2020-01-08,
2020-01-09,
2020-01-10,
2020-01-11,
2020-01-12,
2020-01-13,
2020-01-14,
2020-01-15,
2020-01-16,
2020-01-17,
2020-01-18,-0.121180832
2020-01-19,-0.120445178
2020-01-20,-0.118994302
2020-01-21,-0.116795683
2020-01-22,-0.113871716
2020-01-23,-0.110327066
2020-01-24,-0.106358257
2020-01-25,-0.102236501
2020-01-26,-0.098255695
2020-01-27,-0.094651015
2020-01-28,-0.091506346
2020-01-29,-0.088680253
2020-01-30,-0.085779655
2020-01-31,-0.082200917
2020-02-01,-0.077236472
2020-02-02,-0.070222045
2020-02-03,-0.060682131
2020-02-04,-0.048429015
2020-02-05,-0.033582827
2020-02-06,-0.016509005
2020-02-07,0.002302142
2020-02-08,0.022367156
2020-02-09,0.043300414
2020-02-10,0.064829972
2020-02-11,0.086734101
2020-02-12,0.10872657
2020-02-13,0.130345658
2020-02-14,0.15090106
2020-02-15,0.169516143
2020-02-16,0.185265995
2020-02-17,0.197373863
2020-02-18,0.205402049
2020-02-19,0.209369577
2020-02-20,0.20975267
2020-02-21,
2020-02-22,
2020-02-23,
2020-02-24,
2020-02-25,
2020-02-26,
2020-02-27,
2020-02-28,
2020-02-29,
2020-03-01,
2020-03-02,
2020-03-03,
2020-03-04,
2020-03-05,
2020-03-06,
2020-03-07,
2020-03-08,
2020-03-09,
2020-03-10,
2020-03-11,
2020-03-12,
2020-03-13,
2020-03-14,
2020-03-15,
2020-03-16,
2020-03-17,
2020-03-18,
2020-03-19,
2020-03-20,
2020-03-21,
2020-03-22,
2020-03-23,
2020-03-24,
2020-03-25,
2020-03-26,
2020-03-27,
2020-03-28,
2020-03-29,
2020-03-30,
2020-03-31,
2020-04-01,
2020-04-02,
2020-04-03,
2020-04-04,
2020-04-05,
2020-04-06,
2020-04-07,
2020-04-08,
2020-04-09,
2020-04-10,-0.046163316
2020-04-11,
2020-04-12,
2020-04-13,
2020-04-14,
2020-04-15,
2020-04-16,
2020-04-17,
2020-04-18,
2020-04-19,
2020-04-20,
2020-04-21,
2020-04-22,
2020-04-23,
2020-04-24,
2020-04-25,
2020-04-26,
2020-04-27,
2020-04-28,
2020-04-29,
2020-04-30,
2020-05-01,
2020-05-02,
2020-05-03,
2020-05-04,
2020-05-05,
2020-05-06,
2020-05-07,
2020-05-08,
2020-05-09,
2020-05-10,
2020-05-11,-0.180664111
2020-05-12,-0.175985764
2020-05-13,-0.169516128
2020-05-14,-0.161697706
2020-05-15,-0.152904863
2020-05-16,-0.143403581
2020-05-17,-0.133360079
2020-05-18,-0.122886818
2020-05-19,-0.11210318
2020-05-20,-0.101188175
2020-05-21,-0.090409018
2020-05-22,-0.080119055
2020-05-23,-0.070727581
2020-05-24,-0.062648165
2020-05-25,-0.056235819
2020-05-26,-0.051720831
2020-05-27,-0.049149644
2020-05-28,-0.048343571
2020-05-29,
2020-05-30,
2020-05-31,
2020-06-01,
2020-06-02,-0.051075318
2020-06-03,-0.048555636
2020-06-04,-0.044414786
2020-06-05,-0.039065059
2020-06-06,-0.033189226
2020-06-07,-0.02757131
2020-06-08,-0.022895451
2020-06-09,-0.019573364
2020-06-10,-0.017653579
2020-06-11,-0.016843794
2020-06-12,-0.016639451
2020-06-13,-0.016515305
2020-06-14,-0.016113432
2020-06-15,-0.015360699
2020-06-16,-0.014472451
2020-06-17,-0.013840531
2020-06-18,
2020-06-19,
2020-06-20,
2020-06-21,
2020-06-22,
2020-06-23,-0.017888434
2020-06-24,-0.015065414
2020-06-25,-0.009694037
2020-06-26,-0.001790376
2020-06-27,0.008315274
2020-06-28,0.020124882
2020-06-29,0.033143949
2020-06-30,0.047008042
2020-07-01,0.061521367
2020-07-02,0.076596968
2020-07-03,0.092134219
2020-07-04,0.107893025
2020-07-05,0.123425736
2020-07-06,0.138106804
2020-07-07,0.151257544
2020-07-08,0.16232499
2020-07-09,0.171050501
2020-07-10,0.177562424
2020-07-11,0.182354441
2020-07-12,0.186151523
2020-07-13,0.189705094
2020-07-14,0.193583851
2020-07-15,0.198026679
2020-07-16,0.202901884
2020-07-17,0.207778059
2020-07-18,0.212076253
2020-07-19,0.215249248
2020-07-20,0.216930868
2020-07-21,0.217016034
2020-07-22,
2020-07-23,
2020-07-24,
2020-07-25,
2020-07-26,
2020-07-27,
2020-07-28,
2020-07-29,
2020-07-30,0.200698888
2020-07-31,0.202781044
2020-08-01,0.205915191
2020-08-02,0.209814561
2020-08-03,0.214087082
2020-08-04,0.218299716
2020-08-05,0.222057931
2020-08-06,0.225074495
2020-08-07,0.227202928
2020-08-08,0.228422279
2020-08-09,0.228780822
2020-08-10,
2020-08-11,
2020-08-12,
2020-08-13,
2020-08-14,
2020-08-15,
2020-08-16,
2020-08-17,
2020-08-18,
2020-08-19,
2020-08-20,
2020-08-21,
2020-08-22,
2020-08-23,
2020-08-24,
2020-08-25,
2020-08-26,
2020-08-27,
2020-08-28,0.090937371
2020-08-29,0.092546035
2020-08-30,0.093728104
2020-08-31,
2020-09-01,
2020-09-02,
2020-09-03,
2020-09-04,
2020-09-05,
2020-09-06,
2020-09-07,
2020-09-08,
2020-09-09,
2020-09-10,
2020-09-11,
2020-09-12,
2020-09-13,0.022666074
2020-09-14,0.023072302
2020-09-15,0.023945241
2020-09-16,0.044075603
2020-09-17,0.046256055
2020-09-18,0.048702493
2020-09-19,0.051392879
2020-09-20,0.053966318
2020-09-21,0.055811119
2020-09-22,
2020-09-23,
2020-09-24,
2020-09-25,
2020-09-26,
2020-09-27,
2020-09-28,
2020-09-29,
2020-09-30,
2020-10-01,
2020-10-02,
2020-10-03,
2020-10-04,
2020-10-05,
2020-10-06,
2020-10-07,
2020-10-08,
2020-10-09,
2020-10-10,
2020-10-11,
2020-10-12,
2020-10-13,
2020-10-14,-0.091809829
2020-10-15,
2020-10-16,
2020-10-17,
2020-10-18,
2020-10-19,
2020-10-20,
2020-10-21,
2020-10-22,
2020-10-23,
2020-10-24,
2020-10-25,
2020-10-26,
2020-10-27,
2020-10-28,
2020-10-29,
2020-10-30,
2020-10-31,
2020-11-01,
2020-11-02,
2020-11-03,
2020-11-04,-0.22744532
2020-11-05,-0.223803051
2020-11-06,-0.218293151
2020-11-07,-0.212076819
2020-11-08,-0.206159784
2020-11-09,-0.201125529
2020-11-10,-0.196994962
2020-11-11,-0.193264479
2020-11-12,-0.189118908
2020-11-13,-0.183755653
2020-11-14,-0.176709935
2020-11-15,-0.168064162
2020-11-16,-0.158458329
2020-11-17,-0.148891568
2020-11-18,-0.140384878
2020-11-19,-0.133633007
2020-11-20,-0.128780702
2020-11-21,-0.125411564
2020-11-22,-0.122753498
2020-11-23,-0.120015931
2020-11-24,-0.116723291
2020-11-25,-0.112910663
2020-11-26,-0.109108693
2020-11-27,-0.106129549
2020-11-28,-0.104746613
2020-11-29,
2020-11-30,
2020-12-01,
2020-12-02,
2020-12-03,
2020-12-04,
2020-12-05,
2020-12-06,
2020-12-07,-0.124198619
2020-12-08,-0.122685483
2020-12-09,-0.12131343
2020-12-10,-0.120664653
2020-12-11,
2020-12-12,
2020-12-13,
2020-12-14,
2020-12-15,
2020-12-16,
2020-12-17,
2020-12-18,
2020-12-19,
2020-12-20,
2020-12-21,
2020-12-22,
2020-12-23,
2020-12-24,
2020-12-25,
2020-12-26,
2020-12-27,
2020-12-28,
2020-12-29,
2020-12-30,
2020-12-31,
2021-01-01,
2021-01-02,-0.381409269
2021-01-03,-0.378420826
2021-01-04,-0.37352866
2021-01-05,-0.367049001
2021-01-06,-0.359010797
2021-01-07,-0.349121979
2021-01-08,-0.336852794
2021-01-09,-0.321623346
2021-01-10,-0.303036517
2021-01-11,-0.281064818
2021-01-12,-0.256112119
2021-01-13,-0.228918874
2021-01-14,-0.200348088
2021-01-15,-0.171146856
2021-01-16,-0.141789955
2021-01-17,-0.11247706
2021-01-18,-0.083280361
2021-01-19,-0.054365065
2021-01-20,-0.026164661
2021-01-21,0.000589313
2021-01-22,0.025015684
2021-01-23,0.046358474
2021-01-24,0.064268659
2021-01-25,0.078966527
2021-01-26,0.091206166
2021-01-27,
2021-01-28,0.09944867
2021-01-29,0.109197108
2021-01-30,0.119158755
2021-01-31,0.129516914
2021-02-01,0.140167544
2021-02-02,0.150844791
2021-02-03,0.161276284
2021-02-04,0.171298614
2021-02-05,0.180888231
2021-02-06,0.190103114
2021-02-07,0.19897038
2021-02-08,0.20737419
2021-02-09,0.214997345
2021-02-10,0.221348197
2021-02-11,0.225870987
2021-02-12,0.228106613
2021-02-13,
2021-02-14,
2021-02-15,
2021-02-16,
2021-02-17,
2021-02-18,
2021-02-19,
2021-02-20,
2021-02-21,
2021-02-22,
2021-02-23,
2021-02-24,
2021-02-25,
2021-02-26,
2021-02-27,
2021-02-28,0.163764147
2021-03-01,0.169527181
2021-03-02,0.177648903
2021-03-03,0.1865806
2021-03-04,0.194606479
2021-03-05,0.200342915
2021-03-06,0.203129868
2021-03-07,0.203179057
2021-03-08,
2021-03-09,
2021-03-10,
2021-03-11,0.198018024
2021-03-12,0.200033585
2021-03-13,0.203461195
2021-03-14,0.207494785
2021-03-15,0.211191693
2021-03-16,0.21371785
2021-03-17,0.214507271
2021-03-18,
2021-03-19,
2021-03-20,
2021-03-21,
2021-03-22,
2021-03-23,
2021-03-24,
2021-03-25,
2021-03-26,
2021-03-27,
2021-03-28,
2021-03-29,
2021-03-30,
2021-03-31,
2021-04-01,0.160706577
2021-04-02,0.162368242
2021-04-03,0.165272689
2021-04-04,0.168981376
2021-04-05,0.172788378
2021-04-06,0.175913555
2021-04-07,0.177751136
2021-04-08,0.178077511
2021-04-09,
2021-04-10,
2021-04-11,
2021-04-12,
2021-04-13,0.174659718
2021-04-14,0.177083833
2021-04-15,0.180673352
2021-04-16,0.184859016
2021-04-17,0.188974969
2021-04-18,0.192411449
2021-04-19,0.194720134
2021-04-20,0.195664409
2021-04-21,
2021-04-22,
2021-04-23,
2021-04-24,
2021-04-25,
2021-04-26,
2021-04-27,
2021-04-28,
2021-04-29,
2021-04-30,
2021-05-01,
2021-05-02,
2021-05-03,
2021-05-04,
2021-05-05,
2021-05-06,
2021-05-07,
2021-05-08,0.131878248
2021-05-09,0.133993164
2021-05-10,0.137441838
2021-05-11,0.141247588
2021-05-12,0.144227951
2021-05-13,0.14515926
2021-05-14,
2021-05-15,
2021-05-16,
2021-05-17,
2021-05-18,
2021-05-19,
2021-05-20,
2021-05-21,
2021-05-22,
2021-05-23,
2021-05-24,
2021-05-25,
2021-05-26,
2021-05-27,
2021-05-28,
2021-05-29,
2021-05-30,
2021-05-31,
2021-06-01,
2021-06-02,
2021-06-03,
2021-06-04,
2021-06-05,
2021-06-06,
2021-06-07,
2021-06-08,
2021-06-09,
2021-06-10,
2021-06-11,
2021-06-12,
2021-06-13,
2021-06-14,
2021-06-15,
2021-06-16,
2021-06-17,
2021-06-18,
2021-06-19,
2021-06-20,
2021-06-21,
2021-06-22,
2021-06-23,
2021-06-24,
2021-06-25,-0.356591529
2021-06-26,-0.348159132
2021-06-27,-0.334687328
2021-06-28,-0.317195729
2021-06-29,-0.2968735
2021-06-30,-0.274868187
2021-07-01,-0.252115935
2021-07-02,-0.229235306
2021-07-03,-0.206492851
2021-07-04,-0.183842523
2021-07-05,-0.161037534
2021-07-06,-0.13780505
2021-07-07,-0.114057049
2021-07-08,-0.09008398
2021-07-09,-0.066666086
2021-07-10,-0.045042221
2021-07-11,-0.02671264
2021-07-12,-0.013110475
2021-07-13,-0.005230182
2021-07-14,-0.003331681
2021-07-15,
2021-07-16,
2021-07-17,
2021-07-18,
2021-07-19,
2021-07-20,
2021-07-21,
2021-07-22,
2021-07-23,
2021-07-24,
2021-07-25,
2021-07-26,
2021-07-27,
2021-07-28,
2021-07-29,
2021-07-30,
2021-07-31,
2021-08-01,
2021-08-02,
2021-08-03,
2021-08-04,-0.107949509
2021-08-05,-0.105238853
2021-08-06,-0.100754454
2021-08-07,-0.094675543
2021-08-08,-0.087235274
2021-08-09,-0.078696217
2021-08-10,-0.069345092
2021-08-11,-0.059496253
2021-08-12,-0.049485496
2021-08-13,-0.039638692
2021-08-14,-0.030217561
2021-08-15,-0.02135942
2021-08-16,-0.013040512
2021-08-17,-0.005083911
2021-08-18,0.002782283
2021-08-19,0.010832817
2021-08-20,0.019248822
2021-08-21,0.028048563
2021-08-22,0.037061834
2021-08-23,0.045952025
2021-08-24,0.054274459
2021-08-25,0.061558609
2021-08-26,0.06740362
2021-08-27,0.071579933
2021-08-28,0.074124473
2021-08-29,0.075406538
2021-08-30,0.076131535
2021-08-31,0.07725162
2021-09-01,0.079775633
2021-09-02,0.084508404
2021-09-03,0.091789572
2021-09-04,0.101321213
2021-09-05,0.112160542
2021-09-06,0.122902923
2021-09-07,0.132010908
2021-09-08,0.138188908
2021-09-09,0.140677706
2021-09-10,
2021-09-11,
2021-09-12,
2021-09-13,
2021-09-14,
2021-09-15,
2021-09-16,
2021-09-17,
2021-09-18,
2021-09-19,
2021-09-20,
2021-09-21,
2021-09-22,
2021-09-23,
2021-09-24,
2021-09-25,
2021-09-26,
2021-09-27,
2021-09-28,
2021-09-29,
2021-09-30,
2021-10-01,-0.10301615
2021-10-02,-0.102791462
2021-10-03,
2021-10-04,
2021-10-05,
2021-10-06,
2021-10-07,
2021-10-08,
2021-10-09,
2021-10-10,
2021-10-11,
2021-10-12,
2021-10-13,
2021-10-14,
2021-10-15,
2021-10-16,
2021-10-17,
2021-10-18,-0.240714351
2021-10-19,-0.236125005
2021-10-20,-0.229130971
2021-10-21,-0.220047177
2021-10-22,-0.209203906
2021-10-23,-0.196864942
2021-10-24,-0.183171611
2021-10-25,-0.168126939
2021-10-26,-0.151624168
2021-10-27,-0.13351471
2021-10-28,-0.113703399
2021-10-29,-0.092248941
2021-10-30,-0.069443521
2021-10-31,-0.045840772
2021-11-01,-0.022211824
2021-11-02,0.000571529
2021-11-03,0.021702859
2021-11-04,0.040609786
2021-11-05,
2021-11-06,0.041112707
2021-11-07,0.048191951
2021-11-08,0.057168565
2021-11-09,0.068275952
2021-11-10,0.081482407
2021-11-11,0.096786097
2021-11-12,0.114381053
2021-11-13,0.134600642
2021-11-14,0.157655506
2021-11-15,0.183301152
2021-11-16,0.21061066
2021-11-17,0.237995098
2021-11-18,0.263501792
2021-11-19,0.285291097
2021-11-20,0.302102564
2021-11-21,0.313514862
2021-11-22,0.319887838
2021-11-23,0.322016601
2021-11-24,
2021-11-25,
2021-11-26,
2021-11-27,
2021-11-28,
2021-11-29,
2021-11-30,
2021-12-01,
2021-12-02,
2021-12-03,
2021-12-04,
2021-12-05,
2021-12-06,
2021-12-07,
2021-12-08,
2021-12-09,
2021-12-10,
2021-12-11,
2021-12-12,
2021-12-13,
2021-12-14,
2021-12-15,
2021-12-16,
2021-12-17,
2021-12-18,
2021-12-19,
2021-12-20,
2021-12-21,
2021-12-22,-0.02665532
2021-12-23,-0.02176381
2021-12-24,-0.013731318
2021-12-25,-0.002632192
2021-12-26,0.011108304
2021-12-27,0.026568436
2021-12-28,0.042328241
2021-12-29,0.056684884
2021-12-30,0.068054272
2021-12-31,0.075427241
2022-01-01,0.078687212
2022-01-02,
2022-01-03,
2022-01-04,
2022-01-05,
2022-01-06,
2022-01-07,
2022-01-08,
2022-01-09,
2022-01-10,
2022-01-11,
2022-01-12,
2022-01-13,
2022-01-14,
2022-01-15,
2022-01-16,
2022-01-17,
2022-01-18,
2022-01-19,
2022-01-20,
2022-01-21,
2022-01-22,
2022-01-23,
2022-01-24,
2022-01-25,-0.089130379
2022-01-26,-0.082445112
2022-01-27,-0.074005184
2022-01-28,-0.066853023
2022-01-29,-0.063179549
2022-01-30,
2022-01-31,
2022-02-01,
2022-02-02,
2022-02-03,
2022-02-04,
2022-02-05,-0.079187576
2022-02-06,-0.076538395
2022-02-07,-0.07448658
2022-02-08,-0.073953691
2022-02-09,
2022-02-10,
2022-02-11,
2022-02-12,
2022-02-13,-0.080001127
2022-02-14,-0.078274419
2022-02-15,-0.076056881
2022-02-16,-0.074457892
2022-02-17,
2022-02-18,
2022-02-19,
2022-02-20,
2022-02-21,
2022-02-22,
2022-02-23,
2022-02-24,
2022-02-25,
2022-02-26,
2022-02-27,
2022-02-28,
2022-03-01,
2022-03-02,
2022-03-03,
2022-03-04,-0.11968526
2022-03-05,-0.116178609
2022-03-06,-0.108420826
2022-03-07,-0.096243708
2022-03-08,-0.080275921
2022-03-09,-0.061882914
2022-03-10,-0.042882619
2022-03-11,-0.025094006
2022-03-12,-0.009845026
2022-03-13,0.002394349
2022-03-14,0.012112853
2022-03-15,0.020538273
2022-03-16,0.029161216
2022-03-17,0.039174366
2022-03-18,0.051039991
2022-03-19,0.064355866
2022-03-20,0.078065453
2022-03-21,0.09091354
2022-03-22,0.101940728
2022-03-23,0.110796303
2022-03-24,0.117732209
2022-03-25,0.12329643
2022-03-26,0.12788819
2022-03-27,0.131408287
2022-03-28,0.133198887
2022-03-29,
2022-03-30,
2022-03-31,
2022-04-01,
2022-04-02,
2022-04-03,
2022-04-04,
2022-04-05,
2022-04-06,
2022-04-07,0.07979198
2022-04-08,
2022-04-09,
2022-04-10,
2022-04-11,
2022-04-12,
2022-04-13,
2022-04-14,
2022-04-15,
2022-04-16,
2022-04-17,0.047618956
2022-04-18,0.047858861
2022-04-19,
2022-04-20,
2022-04-21,
2022-04-22,
2022-04-23,
2022-04-24,
2022-04-25,
2022-04-26,
2022-04-27,
2022-04-28,
2022-04-29,
2022-04-30,
2022-05-01,
2022-05-02,-0.037532596
2022-05-03,-0.035776327
2022-05-04,
2022-05-05,
2022-05-06,
2022-05-07,
2022-05-08,
2022-05-09,
2022-05-10,
2022-05-11,
2022-05-12,
2022-05-13,
2022-05-14,
2022-05-15,
2022-05-16,-0.159408993
2022-05-17,-0.157631809
2022-05-18,-0.155599286
2022-05-19,-0.15473249
2022-05-20,
2022-05-21,
2022-05-22,
2022-05-23,
2022-05-24,
2022-05-25,
2022-05-26,
2022-05-27,-0.178168358
2022-05-28,-0.17243166
2022-05-29,-0.165521993
2022-05-30,-0.158840712
2022-05-31,-0.153412965
2022-06-01,-0.149628958
2022-06-02,-0.147253454
2022-06-03,-0.145667354
2022-06-04,-0.144206988
2022-06-05,-0.142429468
2022-06-06,-0.14017109
2022-06-07,-0.137375708
2022-06-08,-0.133783062
2022-06-09,-0.128655106
2022-06-10,-0.120714402
2022-06-11,-0.10838861
2022-06-12,-0.09031687
2022-06-13,-0.065942541
2022-06-14,-0.035947393
2022-06-15,-0.002322642
2022-06-16,0.032007787
2022-06-17,0.063912682
2022-06-18,0.090888667
2022-06-19,0.111702021
2022-06-20,0.126601417
2022-06-21,0.137024771
2022-06-22,0.144919796
2022-06-23,0.151949278
2022-06-24,0.158891387
2022-06-25,0.165457932
2022-06-26,0.170579419
2022-06-27,0.173011114
2022-06-28,
2022-06-29,
2022-06-30,
2022-07-01,
2022-07-02,
2022-07-03,
2022-07-04,
2022-07-05,0.148051825
2022-07-06,0.15238203
2022-07-07,0.157402841
2022-07-08,0.162229023
2022-07-09,0.166267263
2022-07-10,0.169156907
2022-07-11,0.170614031
2022-07-12,
2022-07-13,
2022-07-14,
2022-07-15,
2022-07-16,
2022-07-17,
2022-07-18,
2022-07-19,
2022-07-20,
2022-07-21,
2022-07-22,
2022-07-23,
2022-07-24,
2022-07-25,
2022-07-26,
2022-07-27,
2022-07-28,
2022-07-29,0.061872607
2022-07-30,
2022-07-31,
2022-08-01,
2022-08-02,
2022-08-03,
2022-08-04,
2022-08-05,
2022-08-06,
2022-08-07,
2022-08-08,
2022-08-09,
2022-08-10,
2022-08-11,
2022-08-12,
2022-08-13,
2022-08-14,0.032693302
2022-08-15,0.039823469
2022-08-16,0.048336608
2022-08-17,0.055918274
2022-08-18,0.060551514
2022-08-19,0.061189326
2022-08-20,
2022-08-21,
2022-08-22,
2022-08-23,
2022-08-24,
2022-08-25,0.04035827
2022-08-26,0.043137586
2022-08-27,0.046958897
2022-08-28,0.0506536
2022-08-29,0.053314198
2022-08-30,0.054414264
2022-08-31,
2022-09-01,
2022-09-02,
2022-09-03,
2022-09-04,
2022-09-05,
2022-09-06,
2022-09-07,
2022-09-08,
2022-09-09,
2022-09-10,
2022-09-11,
2022-09-12,
2022-09-13,-0.038592635
2022-09-14,-0.036841972
2022-09-15,-0.03447548
2022-09-16,-0.032196063
2022-09-17,-0.030518175
2022-09-18,-0.029743493
2022-09-19,
2022-09-20,
2022-09-21,
2022-09-22,
2022-09-23,
2022-09-24,
2022-09-25,-0.037123858
2022-09-26,-0.036033566
2022-09-27,-0.034361251
2022-09-28,-0.032697573
2022-09-29,-0.031632208
2022-09-30,-0.031497651
2022-10-01,
2022-10-02,
2022-10-03,
2022-10-04,-0.032306809
2022-10-05,-0.029447602
2022-10-06,-0.025194175
2022-10-07,-0.020612531
2022-10-08,-0.017185883
2022-10-09,-0.016321108
2022-10-10,
2022-10-11,
2022-10-12,
2022-10-13,
2022-10-14,
2022-10-15,
2022-10-16,
2022-10-17,
2022-10-18,
2022-10-19,
2022-10-20,
2022-10-21,
2022-10-22,
2022-10-23,
2022-10-24,
2022-10-25,
2022-10-26,
2022-10-27,
2022-10-28,
2022-10-29,
2022-10-30,
2022-10-31,
2022-11-01,
2022-11-02,-0.107883788
2022-11-03,-0.100876353
2022-11-04,-0.089512125
2022-11-05,-0.075898125
2022-11-06,-0.062430319
2022-11-07,-0.051106524
2022-11-08,-0.043070016
2022-11-09,-0.0385094
2022-11-10,-0.036879207
2022-11-11,
2022-11-12,
2022-11-13,
2022-11-14,
2022-11-15,
2022-11-16,
2022-11-17,-0.044753797
2022-11-18,-0.043691181
2022-11-19,-0.042152034
2022-11-20,-0.040899283
2022-11-21,-0.040862322
2022-11-22,
2022-11-23,
2022-11-24,
2022-11-25,
2022-11-26,
2022-11-27,
2022-11-28,-0.064332488
2022-11-29,-0.059636273
2022-11-30,-0.052645338
2022-12-01,-0.044982928
2022-12-02,-0.038362994
2022-12-03,-0.034139907
2022-12-04,-0.033040973
2022-12-05,
2022-12-06,
2022-12-07,
2022-12-08,
2022-12-09,
2022-12-10,
2022-12-11,
2022-12-12,
2022-12-13,
2022-12-14,-0.082677683
2022-12-15,-0.077630376
2022-12-16,-0.069829044
2022-12-17,-0.060251501
2022-12-18,-0.050076042
2022-12-19,-0.040421151
2022-12-20,-0.032139416
2022-12-21,-0.025729094
2022-12-22,-0.021370318
2022-12-23,-0.019038335
2022-12-24,-0.018617533
2022-12-25,
2022-12-26,
2022-12-27,
2022-12-28,
2022-12-29,
2022-12-30,
2022-12-31,
2023-01-01,
2023-01-02,
2023-01-03,
2023-01-04,
2023-01-05,
2023-01-06,
2023-01-07,
2023-01-08,
2023-01-09,
2023-01-10,
2023-01-11,-0.153102717
2023-01-12,-0.145494793
2023-01-13,-0.134887067
2023-01-14,-0.122606115
2023-01-15,-0.109526112
2023-01-16,-0.095871277
2023-01-17,-0.081326818
2023-01-18,-0.065402961
2023-01-19,-0.047887371
2023-01-20,-0.029175241
2023-01-21,-0.010319263
2023-01-22,0.007244821
2023-01-23,0.022195468
2023-01-24,0.033841092
2023-01-25,0.042426993
2023-01-26,0.049090688
2023-01-27,0.055460165
2023-01-28,0.063049283
2023-01-29,0.072689863
2023-01-30,0.084233127
2023-01-31,0.096641854
2023-02-01,0.108430793
2023-02-02,0.118265107
2023-02-03,0.125464075
2023-02-04,0.130201665
2023-02-05,0.133332158
2023-02-06,0.135935476
2023-02-07,0.138795499
2023-02-08,0.142044447
2023-02-09,0.145127103
2023-02-10,0.14708401
2023-02-11,
2023-02-12,
2023-02-13,
2023-02-14,
2023-02-15,
2023-02-16,
2023-02-17,
2023-02-18,
2023-02-19,
2023-02-20,
2023-02-21,
2023-02-22,
2023-02-23,
2023-02-24,
2023-02-25,
2023-02-26,
2023-02-27,
2023-02-28,
2023-03-01,0.085736616
2023-03-02,0.0878019
2023-03-03,0.0910382
2023-03-04,0.094980746
2023-03-05,0.098690981
2023-03-06,0.100889996
2023-03-07,
2023-03-08,
2023-03-09,
2023-03-10,
2023-03-11,
2023-03-12,
2023-03-13,
2023-03-14,
2023-03-15,
2023-03-16,
2023-03-17,
2023-03-18,
2023-03-19,
2023-03-20,
2023-03-21,0.032918672
2023-03-22,0.034899361
2023-03-23,0.038663743
2023-03-24,0.044104335
2023-03-25,0.050792015
2023-03-26,0.05817692
2023-03-27,0.065783571
2023-03-28,0.073294794
2023-03-29,0.08050083
2023-03-30,0.087167925
2023-03-31,0.092929542
2023-04-01,0.097290446
2023-04-02,0.099768246
2023-04-03,0.100115378
2023-04-04,
2023-04-05,
2023-04-06,
2023-04-07,
2023-04-08,
2023-04-09,0.090853646
2023-04-10,0.094118761
2023-04-11,0.098684612
2023-04-12,0.103808587
2023-04-13,0.108836297
2023-04-14,0.113352837
2023-04-15,0.117186329
2023-04-16,0.120286849
2023-04-17,0.122562866
2023-04-18,0.123769112
2023-04-19,
2023-04-20,
2023-04-21,
2023-04-22,
2023-04-23,
2023-04-24,
2023-04-25,
2023-04-26,
2023-04-27,
2023-04-28,
2023-04-29,
2023-04-30,
2023-05-01,
2023-05-02,
2023-05-03,
2023-05-04,
2023-05-05,
2023-05-06,
2023-05-07,
2023-05-08,
2023-05-09,
2023-05-10,
2023-05-11,
2023-05-12,
2023-05-13,
2023-05-14,-0.082965333
2023-05-15,-0.080654212
2023-05-16,-0.077398608
2023-05-17,-0.073793605
2023-05-18,-0.070394102
2023-05-19,-0.067512974
2023-05-20,-0.065129876
2023-05-21,-0.062959686
2023-05-22,-0.060652268
2023-05-23,-0.058026201
2023-05-24,-0.055219211
2023-05-25,-0.052674591
2023-05-26,-0.050956143
2023-05-27,-0.050474156
2023-05-28,
2023-05-29,
2023-05-30,
2023-05-31,
2023-06-01,-0.053856898
2023-06-02,-0.050786472
2023-06-03,-0.045888107
2023-06-04,-0.039650997
2023-06-05,-0.032693774
2023-06-06,-0.025592374
2023-06-07,-0.018822821
2023-06-08,-0.012825912
2023-06-09,-0.008117557
2023-06-10,-0.005334203
2023-06-11,-0.005134327
2023-06-12,
2023-06-13,
2023-06-14,
2023-06-15,
2023-06-16,
2023-06-17,
2023-06-18,
2023-06-19,
2023-06-20,
2023-06-21,
2023-06-22,
2023-06-23,
2023-06-24,
2023-06-25,
2023-06-26,
2023-06-27,
2023-06-28,-0.072128303
2023-06-29,-0.064536525
2023-06-30,-0.054569746
2023-07-01,-0.043843714
2023-07-02,-0.033895466
2023-07-03,-0.025854456
2023-07-04,-0.020340659
2023-07-05,-0.017560668
2023-07-06,-0.017485487
2023-07-07,
2023-07-08,
2023-07-09,
2023-07-10,
2023-07-11,
2023-07-12,
2023-07-13,
2023-07-14,
2023-07-15,-0.05365063
2023-07-16,-0.047570218
2023-07-17,-0.040006464
2023-07-18,-0.0325059
2023-07-19,-0.0264731
2023-07-20,-0.022867142
2023-07-21,-0.022065528
2023-07-22,
2023-07-23,
2023-07-24,
2023-07-25,
2023-07-26,
2023-07-27,
2023-07-28,
2023-07-29,
2023-07-30,
2023-07-31,
2023-08-01,
2023-08-02,
2023-08-03,
2023-08-04,
2023-08-05,
2023-08-06,
2023-08-07,
2023-08-08,
2023-08-09,
2023-08-10,-0.137276396
2023-08-11,-0.131880472
2023-08-12,-0.122702682
2023-08-13,-0.11044271
2023-08-14,-0.09586819
2023-08-15,-0.079703921
2023-08-16,-0.062617743
2023-08-17,-0.045279205
2023-08-18,-0.02842684
2023-08-19,-0.012877251
2023-08-20,0.000566642
2023-08-21,0.011294762
2023-08-22,0.01909217
2023-08-23,0.024272302
2023-08-24,0.027660256
2023-08-25,0.030391193
2023-08-26,0.033566472
2023-08-27,0.037871232
2023-08-28,0.043291318
2023-08-29,0.049047279
2023-08-30,0.053792584
2023-08-31,0.056030208
2023-09-01,
2023-09-02,
2023-09-03,
2023-09-04,
2023-09-05,
2023-09-06,
2023-09-07,
2023-09-08,
2023-09-09,
2023-09-10,
2023-09-11,
2023-09-12,
2023-09-13,
2023-09-14,
2023-09-15,
2023-09-16,
2023-09-17,
2023-09-18,
2023-09-19,
2023-09-20,
2023-09-21,
2023-09-22,
2023-09-23,
2023-09-24,
2023-09-25,
2023-09-26,-0.026498105
2023-09-27,-0.024691128
2023-09-28,-0.021061242
2023-09-29,-0.015230695
2023-09-30,-0.007243456
2023-10-01,0.002294717
2023-10-02,0.012245457
2023-10-03,0.021168773
2023-10-04,0.027705148
2023-10-05,0.030981913
2023-10-06,
2023-10-07,
2023-10-08,
2023-10-09,
2023-10-10,
2023-10-11,
2023-10-12,
2023-10-13,
2023-10-14,
2023-10-15,
2023-10-16,
2023-10-17,
2023-10-18,
2023-10-19,
2023-10-20,-0.003023867
2023-10-21,
2023-10-22,
2023-10-23,
2023-10-24,
2023-10-25,
2023-10-26,
2023-10-27,
2023-10-28,-0.021492304
2023-10-29,-0.015985144
2023-10-30,-0.008017112
2023-10-31,0.00104035
2023-11-01,0.009944852
2023-11-02,0.018056963
2023-11-03,0.025534034
2023-11-04,0.033176568
2023-11-05,0.042003613
2023-11-06,0.05274207
2023-11-07,0.065439809
2023-11-08,0.079354122
2023-11-09,0.093145691
2023-11-10,0.105294177
2023-11-11,0.114570488
2023-11-12,0.120394741
2023-11-13,0.122965905
2023-11-14,0.123136901
2023-11-15,
2023-11-16,
2023-11-17,
2023-11-18,0.121270397
2023-11-19,0.122574276
2023-11-20,0.123927603
2023-11-21,0.124605054
2023-11-22,
2023-11-23,
2023-11-24,
2023-11-25,
2023-11-26,
2023-11-27,
2023-11-28,
2023-11-29,
2023-11-30,
2023-12-01,
2023-12-02,
2023-12-03,
2023-12-04,
2023-12-05,
2023-12-06,
2023-12-07,
2023-12-08,
2023-12-09,
2023-12-10,
2023-12-11,
2023-12-12,
2023-12-13,
2023-12-14,
2023-12-15,
2023-12-16,
2023-12-17,
2023-12-18,
2023-12-19,
2023-12-20,
2023-12-21,
2023-12-22,
2023-12-23,
2023-12-24,
2023-12-25,
2023-12-26,
2023-12-27,-0.045594786
2023-12-28,-0.043899712
2023-12-29,-0.040779295
2023-12-30,-0.036676998
2023-12-31,-0.032189456
2024-01-01,-0.027903153
2024-01-02,-0.024252692
2024-01-03,-0.021465423
2024-01-04,-0.019617208
2024-01-05,-0.018769816
2024-01-06,
2024-01-07,
2024-01-08,
2024-01-09,
2024-01-10,
2024-01-11,
2024-01-12,
2024-01-13,
2024-01-14,
2024-01-15,
2024-01-16,-0.068590133
2024-01-17,-0.062197722
2024-01-18,-0.054777607
2024-01-19,-0.048477889
2024-01-20,-0.045075798
2024-01-21,
2024-01-22,
2024-01-23,
2024-01-24,
2024-01-25,
2024-01-26,
2024-01-27,
2024-01-28,
2024-01-29,-0.080775184
2024-01-30,-0.078601791
2024-01-31,-0.07624158
2024-02-01,-0.074634238
2024-02-02,-0.074590878
2024-02-03,
2024-02-04,
2024-02-05,
2024-02-06,
2024-02-07,
2024-02-08,
2024-02-09,
2024-02-10,
2024-02-11,
2024-02-12,
2024-02-13,-0.126003273
2024-02-14,-0.121787555
2024-02-15,-0.11575822
2024-02-16,-0.108096809
2024-02-17,-0.099048338
2024-02-18,-0.089029279
2024-02-19,-0.078668561
2024-02-20,-0.06873538
2024-02-21,-0.059965568
2024-02-22,-0.052860016
2024-02-23,-0.047549747
2024-02-24,-0.04379792
2024-02-25,-0.041144368
2024-02-26,-0.039127447
2024-02-27,-0.037477307
2024-02-28,-0.036185764
2024-02-29,-0.035416913
2024-03-01,-0.035300878
2024-03-02,
2024-03-03,
2024-03-04,-0.035823693
2024-03-05,-0.03378775
2024-03-06,-0.029328044
2024-03-07,-0.022165323
2024-03-08,-0.0125665
2024-03-09,-0.001253747
2024-03-10,0.010837625
2024-03-11,0.022849505
2024-03-12,0.034218199
2024-03-13,0.044736201
2024-03-14,0.054440468
2024-03-15,0.06338958
2024-03-16,0.071432451
2024-03-17,0.078081372
2024-03-18,0.082552815
2024-03-19,0.083978136
2024-03-20,
2024-03-21,
2024-03-22,
2024-03-23,
2024-03-24,
2024-03-25,
2024-03-26,
2024-03-27,
2024-03-28,
2024-03-29,0.024628695
2024-03-30,0.025764482
2024-03-31,
2024-04-01,
2024-04-02,
2024-04-03,
2024-04-04,
2024-04-05,
2024-04-06,
2024-04-07,-0.00809897
2024-04-08,-0.004411896
2024-04-09,0.001169294
2024-04-10,0.007075901
2024-04-11,0.011976307
2024-04-12,0.015220813
2024-04-13,0.017018939
2024-04-14,0.018295549
2024-04-15,0.020291848
2024-04-16,0.024066642
2024-04-17,0.030082214
2024-04-18,0.038021663
2024-04-19,0.046892609
2024-04-20,0.055369551
2024-04-21,0.062246234
2024-04-22,0.066834774
2024-04-23,0.069176171
2024-04-24,0.06999542
2024-04-25,0.070423064
2024-04-26,0.071582183
2024-04-27,0.074183206
2024-04-28,0.078263812
2024-04-29,0.083158457
2024-04-30,0.087708082
2024-05-01,0.090634567
2024-05-02,0.090950158
2024-05-03,
2024-05-04,
2024-05-05,
2024-05-06,
2024-05-07,
2024-05-08,
2024-05-09,
2024-05-10,
2024-05-11,
2024-05-12,
2024-05-13,
2024-05-14,
2024-05-15,
2024-05-16,
2024-05-17,-0.002084859
2024-05-18,0.003735952
2024-05-19,0.011501082
2024-05-20,0.019676778
2024-05-21,0.026927681
2024-05-22,0.032484522
2024-05-23,0.036263208
2024-05-24,0.03870628
2024-05-25,0.040433717
2024-05-26,0.041873549
2024-05-27,0.043036136
2024-05-28,0.043528575
2024-05-29,
2024-05-30,
2024-05-31,
2024-06-01,
2024-06-02,
2024-06-03,
2024-06-04,
2024-06-05,0.023662516
2024-06-06,0.026644624
2024-06-07,0.030262189
2024-06-08,0.032946938
2024-06-09,0.033157351
2024-06-10,
2024-06-11,
2024-06-12,
2024-06-13,
2024-06-14,
2024-06-15,
2024-06-16,
2024-06-17,
2024-06-18,-0.035893846
2024-06-19,-0.030593895
2024-06-20,-0.022902831
2024-06-21,-0.01452629
2024-06-22,-0.006853226
2024-06-23,-0.000553662
2024-06-24,0.004563276
2024-06-25,0.009380921
2024-06-26,0.015060612
2024-06-27,0.022537395
2024-06-28,0.032116136
2024-06-29,0.043317629
2024-06-30,0.055018595
2024-07-01,0.065818395
2024-07-02,0.074476375
2024-07-03,0.080254289
2024-07-04,0.083046263
2024-07-05,0.083280341
2024-07-06,
2024-07-07,
2024-07-08,
2024-07-09,
2024-07-10,
2024-07-11,
2024-07-12,
2024-07-13,
2024-07-14,
2024-07-15,
2024-07-16,
2024-07-17,
2024-07-18,
2024-07-19,
2024-07-20,
2024-07-21,
2024-07-22,
2024-07-23,
2024-07-24,
2024-07-25,
2024-07-26,
2024-07-27,
2024-07-28,
2024-07-29,
2024-07-30,
2024-07-31,
2024-08-01,
2024-08-02,
2024-08-03,
2024-08-04,
2024-08-05,
2024-08-06,
2024-08-07,
2024-08-08,
2024-08-09,
2024-08-10,
2024-08-11,
2024-08-12,
2024-08-13,
2024-08-14,-0.075453297
2024-08-15,-0.069184112
2024-08-16,-0.059713233
2024-08-17,-0.048506086
2024-08-18,-0.037310259
2024-08-19,-0.027668141
2024-08-20,-0.020475789
2024-08-21,-0.015728104
2024-08-22,-0.012527896
2024-08-23,-0.009356484
2024-08-24,-0.004522142
2024-08-25,0.003346592
2024-08-26,0.014908924
2024-08-27,0.029927667
2024-08-28,0.047335535
2024-08-29,0.065520391
2024-08-30,0.082734884
2024-08-31,0.097502477
2024-09-01,0.108902545
2024-09-02,0.116658064
2024-09-03,0.121018471
2024-09-04,0.122499649
2024-09-05,
2024-09-06,
2024-09-07,
2024-09-08,
2024-09-09,
2024-09-10,
2024-09-11,
2024-09-12,
2024-09-13,
2024-09-14,
2024-09-15,
2024-09-16,0.049720614
2024-09-17,0.052454971
2024-09-18,0.054807146
2024-09-19,0.055296644
2024-09-20,
2024-09-21,
2024-09-22,
2024-09-23,
2024-09-24,
2024-09-25,
2024-09-26,
2024-09-27,
2024-09-28,
2024-09-29,
2024-09-30,
2024-10-01,
2024-10-02,
2024-10-03,
2024-10-04,
2024-10-05,
2024-10-06,
2024-10-07,
2024-10-08,
2024-10-09,
2024-10-10,
2024-10-11,
2024-10-12,
2024-10-13,
2024-10-14,-0.106967152
2024-10-15,-0.104548952
2024-10-16,-0.10260822
2024-10-17,-0.102560578
2024-10-18,
2024-10-19,
2024-10-20,
2024-10-21,
2024-10-22,
2024-10-23,
2024-10-24,-0.121834116
2024-10-25,-0.113726334
2024-10-26,-0.102674377
2024-10-27,-0.090433357
2024-10-28,-0.079054419
2024-10-29,-0.070430003
2024-10-30,-0.065862429
2024-10-31,-0.065766269
2024-11-01,
2024-11-02,
2024-11-03,
2024-11-04,
2024-11-05,
2024-11-06,
2024-11-07,
2024-11-08,
2024-11-09,
2024-11-10,
2024-11-11,
2024-11-12,
2024-11-13,
2024-11-14,
2024-11-15,
2024-11-16,-0.116695762
2024-11-17,-0.116315824
2024-11-18,
2024-11-19,
2024-11-20,
2024-11-21,
2024-11-22,
2024-11-23,
2024-11-24,
2024-11-25,-0.124450585
2024-11-26,-0.121867657
2024-11-27,-0.118576206
2024-11-28,-0.114994269
2024-11-29,-0.111342867
2024-11-30,-0.107602451
2024-12-01,-0.103593378
2024-12-02,-0.099128847
2024-12-03,-0.094158902
2024-12-04,-0.088830288
2024-12-05,-0.083428872
2024-12-06,-0.078230079
2024-12-07,-0.073327371
2024-12-08,-0.068523844
2024-12-09,-0.063351032
2024-12-10,-0.057219616
2024-12-11,-0.049650232
2024-12-12,-0.040489767
2024-12-13,-0.030015537
2024-12-14,-0.018875623
2024-12-15,-0.00787772
2024-12-16,0.002288337
2024-12-17,0.011276956
2024-12-18,0.019158397
2024-12-19,0.026293353
2024-12-20,0.033057871
2024-12-21,0.039533175
2024-12-22,0.045303484
2024-12-23,0.049468152
2024-12-24,0.050887027
2024-12-25,
2024-12-26,
2024-12-27,
2024-12-28,
2024-12-29,
2024-12-30,
2024-12-31,
2025-01-01,
2025-01-02,-0.017048292
2025-01-03,-0.012253387
2025-01-04,-0.00430319
2025-01-05,0.005390116
2025-01-06,0.015264684
2025-01-07,0.023812565
2025-01-08,0.029780879
2025-01-09,0.032382351
2025-01-10,
2025-01-11,
2025-01-12,
2025-01-13,
2025-01-14,
2025-01-15,0.015975204
2025-01-16,0.020911955
2025-01-17,0.029255355
2025-01-18,0.039554429
2025-01-19,0.049995783
2025-01-20,0.058997696
2025-01-21,0.065693022
2025-01-22,0.070119441
2025-01-23,0.073063546
2025-01-24,0.075644105
2025-01-25,0.078827423
2025-01-26,0.083076739
2025-01-27,0.0882657
2025-01-28,0.093852206
2025-01-29,0.099192079
2025-01-30,0.103821868
2025-01-31,0.107574504
2025-02-01,0.110496279
2025-02-02,0.112641696
2025-02-03,0.113889077
2025-02-04,0.113900171
2025-02-05,
2025-02-06,
2025-02-07,
2025-02-08,
2025-02-09,
2025-02-10,
2025-02-11,
2025-02-12,
2025-02-13,
2025-02-14,0.079906907
2025-02-15,0.080656911
2025-02-16,0.081762613
2025-02-17,0.083582268
2025-02-18,0.086661898
2025-02-19,0.09135644
2025-02-20,0.097483267
2025-02-21,0.104189316
2025-02-22,0.110123132
2025-02-23,0.113861956
2025-02-24,0.114426782
2025-02-25,
2025-02-26,
2025-02-27,
2025-02-28,
2025-03-01,
2025-03-02,
2025-03-03,
2025-03-04,
2025-03-05,
2025-03-06,
2025-03-07,
2025-03-08,
2025-03-09,
2025-03-10,
2025-03-11,
2025-03-12,
2025-03-13,
2025-03-14,
2025-03-15,
2025-03-16,
2025-03-17,
2025-03-18,
2025-03-19,
2025-03-20,
2025-03-21,
2025-03-22,
2025-03-23,
2025-03-24,
2025-03-25,
2025-03-26,
2025-03-27,
2025-03-28,
2025-03-29,
2025-03-30,-0.121793127
2025-03-31,-0.119916096
2025-04-01,-0.117538623
2025-04-02,-0.115303522
2025-04-03,-0.113620351
2025-04-04,-0.112648881
2025-04-05,-0.11233636
2025-04-06,
2025-04-07,
2025-04-08,-0.112649733
2025-04-09,-0.111733643
2025-04-10,-0.109390932
2025-04-11,-0.105075189
2025-04-12,-0.098406628
2025-04-13,-0.089304514
2025-04-14,-0.078058523
2025-04-15,-0.065286135
2025-04-16,-0.051771387
2025-04-17,-0.038238867
2025-04-18,-0.02516249
2025-04-19,-0.012704182
2025-04-20,-0.000830393
2025-04-21,0.010436982
2025-04-22,0.02075676
2025-04-23,0.029344473
2025-04-24,0.035096496
2025-04-25,0.036962783
2025-04-26,
2025-04-27,
2025-04-28,
2025-04-29,
2025-04-30,
2025-05-01,
2025-05-02,0.0007051
2025-05-03,0.004896699
2025-05-04,0.010305566
2025-05-05,0.014676683
2025-05-06,0.016356798
2025-05-07,
2025-05-08,
2025-05-09,
2025-05-10,
2025-05-11,0.005288302
2025-05-12,0.009144634
2025-05-13,0.015418229
2025-05-14,0.02251457
2025-05-15,0.028788439
2025-05-16,0.033170284
2025-05-17,0.035500073
2025-05-18,0.036469545
2025-05-19,0.03725034
2025-05-20,0.039006588
2025-05-21,0.04250842
2025-05-22,0.047982579
2025-05-23,0.055202877
2025-05-24,0.063711321
2025-05-25,0.07302245
2025-05-26,0.082704952
2025-05-27,0.092330918
2025-05-28,0.101373375
2025-05-29,0.109164107
2025-05-30,0.114985508
2025-05-31,0.118283728
2025-06-01,0.118903788
2025-06-02,
2025-06-03,
2025-06-04,
2025-06-05,
2025-06-06,
2025-06-07,
2025-06-08,
2025-06-09,
2025-06-10,
2025-06-11,
2025-06-12,
2025-06-13,
2025-06-14,
2025-06-15,
2025-06-16,
2025-06-17,
2025-06-18,
2025-06-19,
2025-06-20,
2025-06-21,
2025-06-22,
2025-06-23,
2025-06-24,
2025-06-25,-0.014946991
2025-06-26,-0.012432958
2025-06-27,-0.009406639
2025-06-28,-0.00682617
2025-06-29,-0.00552302
2025-06-30,
2025-07-01,
2025-07-02,
2025-07-03,
2025-07-04,
2025-07-05,
2025-07-06,
2025-07-07,
2025-07-08,
2025-07-09,
2025-07-10,-0.068647819
2025-07-11,-0.06332639
2025-07-12,-0.055379137
2025-07-13,-0.046431013
2025-07-14,-0.038100673
2025-07-15,-0.031518778
2025-07-16,-0.027013795
2025-07-17,-0.0240924
2025-07-18,-0.02173174
2025-07-19,-0.018883016
2025-07-20,-0.014988964
2025-07-21,-0.010309298
2025-07-22,-0.005913082
2025-07-23,-0.003328799
2025-07-24,
2025-07-25,
2025-07-26,
2025-07-27,
2025-07-28,
2025-07-29,
2025-07-30,
2025-07-31,
2025-08-01,-0.057278528
2025-08-02,-0.05288934
2025-08-03,-0.046114014
2025-08-04,-0.037871158
2025-08-05,-0.028999985
2025-08-06,-0.020331252
2025-08-07,-0.012824272
2025-08-08,-0.007619454
2025-08-09,-0.005902961
2025-08-10,
2025-08-11,
2025-08-12,
2025-08-13,
2025-08-14,
2025-08-15,
2025-08-16,
2025-08-17,
2025-08-18,-0.064355523
2025-08-19,-0.05685378
2025-08-20,-0.048526214
2025-08-21,-0.041422625
2025-08-22,-0.036916234
2025-08-23,-0.035424341
2025-08-24,
2025-08-25,
2025-08-26,
2025-08-27,
2025-08-28,-0.039624829
2025-08-29,-0.034843987
2025-08-30,-0.027485489
2025-08-31,-0.018493593
2025-09-01,-0.00927482
2025-09-02,-0.001390554
2025-09-03,0.003845689
2025-09-04,0.005769567
2025-09-05,
2025-09-06,
2025-09-07,
2025-09-08,
2025-09-09,-0.002217187
2025-09-10,0.001610423
2025-09-11,0.007178304
2025-09-12,0.012782173
2025-09-13,0.016773607
2025-09-14,0.01832048
2025-09-15,
2025-09-16,
2025-09-17,0.018183757
2025-09-18,0.023197617
2025-09-19,0.032938854
2025-09-20,0.046678865
2025-09-21,0.06233382
2025-09-22,0.077240017
2025-09-23,0.089193863
2025-09-24,0.09733481
2025-09-25,0.102500994
2025-09-26,0.106897025
2025-09-27,0.113196432
2025-09-28,0.123424684
2025-09-29,0.138063444
2025-09-30,0.155721701
2025-10-01,0.173499797
2025-10-02,0.187897769
2025-10-03,0.195927073
2025-10-04,0.196016573
2025-10-05,
2025-10-06,
2025-10-07,
2025-10-08,
2025-10-09,
2025-10-10,
2025-10-11,
2025-10-12,
2025-10-13,
2025-10-14,
2025-10-15,
2025-10-16,
2025-10-17,
2025-10-18,
2025-10-19,
2025-10-20,
2025-10-21,
2025-10-22,
2025-10-23,
2025-10-24,
2025-10-25,
2025-10-26,
2025-10-27,
2025-10-28,
2025-10-29,
2025-10-30,
2025-10-31,
2025-11-01,
2025-11-02,
2025-11-03,
2025-11-04,
2025-11-05,
2025-11-06,
2025-11-07,
2025-11-08,
2025-11-09,
2025-11-10,
2025-11-11,
2025-11-12,
2025-11-13,-0.083091029
2025-11-14,-0.081712931
2025-11-15,-0.079146866
2025-11-16,-0.075516351
2025-11-17,-0.07098757
2025-11-18,-0.065878777
2025-11-19,-0.06078458
2025-11-20,-0.056634236
2025-11-21,-0.054606511
2025-11-22,
2025-11-23,
2025-11-24,
2025-11-25,
2025-11-26,
2025-11-27,
2025-11-28,
2025-11-29,
2025-11-30,
2025-12-01,-0.123408915
2025-12-02,-0.119092238
2025-12-03,-0.114881603
2025-12-04,-0.11211938
2025-12-05,-0.111255869
2025-12-06,
2025-12-07,
2025-12-08,
2025-12-09,-0.112625598
2025-12-10,-0.110575373
2025-12-11,-0.107642695
2025-12-12,-0.104420603
2025-12-13,-0.101361358
2025-12-14,-0.098611643
2025-12-15,-0.096078524
2025-12-16,-0.093668094
2025-12-17,-0.09154452
2025-12-18,-0.090238538
2025-12-19,
2025-12-20,
2025-12-21,
2025-12-22,
2025-12-23,
2025-12-24,
2025-12-25,
2025-12-26,
2025-12-27,
2025-12-28,-0.126405592
2025-12-29,-0.123575095
2025-12-30,-0.120525607
2025-12-31,-0.117541938
2026-01-01,-0.114391745
2026-01-02,-0.110556772
2026-01-03,-0.105606114
2026-01-04,-0.099526338
2026-01-05,-0.092843736
2026-01-06,-0.086480402
2026-01-07,-0.081406602
2026-01-08,-0.078243777
2026-01-09,-0.076989235
2026-01-10,-0.07697385
2026-01-11,
2026-01-12,-0.076006047
2026-01-13,-0.072808404
2026-01-14,-0.066972568
2026-01-15,-0.058564772
2026-01-16,-0.048104886
2026-01-17,-0.036351482
2026-01-18,-0.024069782
2026-01-19,-0.011851753
2026-01-20,-2.03E-05
2026-01-21,0.011385528
2026-01-22,0.022561976
2026-01-23,0.033844703
2026-01-24,0.045576128
2026-01-25,0.057945443
2026-01-26,0.070831161
2026-01-27,0.083692257
2026-01-28,0.095567329
2026-01-29,0.105224124
2026-01-30,0.111454811
2026-01-31,0.113452567
2026-02-01,
2026-02-02,
2026-02-03,
2026-02-04,
2026-02-05,
2026-02-06,
2026-02-07,0.086235378
2026-02-08,0.091439677
2026-02-09,0.097871555
2026-02-10,0.103608982
2026-02-11,0.107147141
2026-02-12,0.107896386
2026-02-13,
2026-02-14,
2026-02-15,
2026-02-16,0.10231911
2026-02-17,0.105089685
2026-02-18,0.109803535
2026-02-19,0.115040333
2026-02-20,0.119048144
2026-02-21,0.120375937
2026-02-22,
2026-02-23,
2026-02-24,
2026-02-25,
2026-02-26,
2026-02-27,
2026-02-28,
2026-03-01,
2026-03-02,0.088888307
2026-03-03,0.089986843
2026-03-04,0.091296158
2026-03-05,0.092865038
2026-03-06,0.094697228
2026-03-07,0.096440925
2026-03-08,0.097240907
2026-03-09,
2026-03-10,
2026-03-11,
2026-03-12,
2026-03-13,
2026-03-14,
2026-03-15,
2026-03-16,
2026-03-17,
2026-03-18,
2026-03-19,0.015774226
2026-03-20,0.018850477
2026-03-21,0.020865189
2026-03-22,
2026-03-23,
2026-03-24,
2026-03-25,
2026-03-26,
2026-03-27,
2026-03-28,
2026-03-29,0.005425392
2026-03-30,0.00802747
2026-03-31,0.010599227
2026-04-01,0.012117129
2026-04-02,
2026-04-03,
2026-04-04,
2026-04-05,
2026-04-06,
2026-04-07,
2026-04-08,
2026-04-09,
2026-04-10,
2026-04-11,
2026-04-12,
2026-04-13,
2026-04-14,
2026-04-15,
2026-04-16,
2026-04-17,
2026-04-18,-0.111374836
2026-04-19,-0.104341809
2026-04-20,-0.094525008
2026-04-21,-0.084636302
2026-04-22,-0.077300476
2026-04-23,-0.074271376
2026-04-24,
2026-04-25,
2026-04-26,
2026-04-27,
2026-04-28,
2026-04-29,
2026-04-30,-0.102071769
2026-05-01,-0.100370336
2026-05-02,-0.098377803
2026-05-03,-0.096842013
2026-05-04,-0.095815672
2026-05-05,-0.094661167
2026-05-06,-0.092337935
2026-05-07,-0.087839827
2026-05-08,-0.080602429
2026-05-09,-0.070735155
2026-05-10,-0.059006954
2026-05-11,-0.046612587
2026-05-12,-0.034816825
2026-05-13,-0.024600968
2026-05-14,-0.016422803
2026-05-15,-0.010148915
2026-05-16,-0.005159396
2026-05-17,-0.000574931
2026-05-18,0.004470325
2026-05-19,0.010593047
2026-05-20,0.018018183
2026-05-21,0.026556596
2026-05-22,0.035692911
2026-05-23,0.044741342
2026-05-24,0.053017394
2026-05-25,0.059971065
2026-05-26,0.065251182
2026-05-27,0.068695594
2026-05-28,0.070268722
2026-05-29,
2026-05-30,
2026-05-31,
2026-06-01,
2026-06-02,
2026-06-03,
2026-06-04,
2026-06-05,
2026-06-06,
2026-06-07,
2026-06-08,
2026-06-09,0.015482437
2026-06-10,0.018391739
2026-06-11,0.022433531
2026-06-12,0.026618866
2026-06-13,0.030141976
2026-06-14,0.032645404
2026-06-15,0.034355919
